spt_id,cv_fold,is_bb,p_lyric
1XxRYmDKuABtbtCozx3pA2,1,0,0.3178093917601933
4QeXQ6EfI0rCsZEoDS7NtF,0,0,0.15596438258473455
2zfbxpGbjwck72JXOdBonZ,1,0,0.17918573241162986
7qzTaf38OEZCANIgYAz1sM,0,0,0.15955368665553363
70eFcWOvlMObDhURTqT4Fv,0,1,0.6390560610742342
1Qrg8KqiBpW07V7PNxwwwL,0,1,0.5220197251705464
16Ah4QqH4mgYVXqfC4mdSd,0,1,0.7191621677892507
2XHzzp1j4IfTNp1FTn7YFg,4,1,0.6662090385527262
2UVbBKQOdFAekPTRsnkzcf,3,1,0.6720248049052397
1qA9TnEJ2sUub9QkN9K3Mv,4,0,0.8020979433149845
1lnPwGXiXnYwUp0Nd6izON,4,0,0.7142647602611857
48ANRZNlUoBElQztu4hv3I,0,0,0.15301812389528593
0fgZUSa7D7aVvv3GfO0A1n,1,1,0.748529073285278
0dt4CRRsWhEsgkgYNWMsh5,4,0,0.3448099832952661
1Iq8oo9XkmmvCQiGOfORiz,4,1,0.7356105142433994
5G9EDMCULzocrXh59ziW2s,1,0,0.22557287942191837
22vgEDb5hykfaTwLuskFGD,3,1,0.7183186888139944
0SKbj3NTkGFS76OkFmAw0u,2,0,0.9218260536430326
0kDUotOdrONmWJGPMyYFh1,2,0,0.31845238095238093
5ujS2PWCJsJaMdM7E5AYS1,3,0,0.1925133689839572
6Up545NUflOiXo8cEraH49,0,1,0.2946234633894276
2xLOMHjkOK8nzxJ4r6yOKR,1,1,0.8186613008842222
20ba46kBOIncnWcrUAPyYI,2,0,0.08024691358024691
4RYA2iXLysm9tB5RgzFVze,1,0,0.5464716241364664
3rosTvZ4MAbOAzNbbEp6Ha,4,0,0.7171974716148082
4pkb8SbRGeHAvdb87v9rpf,2,1,0.7701851232296196
5Es5pG548uc04wSlpBKlUN,3,0,0.6294578578283285
1kPpge9JDLpcj15qgrPbYX,1,1,0.538277776837431
48GBbQiTSlXX5i0cn3iIiJ,0,0,0.25823412690819847
7BHEi0cFs6TVNFDvbBrAjz,2,0,0.7606872294372294
5BdrLgr97sT2gq0oI5fd1c,3,0,0.1895424836601307
39C3SOi6UMD9rHeXAQPNa9,0,0,0.5826836700296066
12eMQUn2GzfsfsQLH53M19,1,1,0.7827994636146475
6HZ9VeI5IRFCNQLXhpF4bq,0,1,0.40239911696127145
3PntTOqdd3qb6bojI3CVaN,3,0,0.06862745098039215
2Z8WuEywRWYTKe1NybPQEW,3,1,0.43988957902001374
2BT16kSveTFhwmsdqjWxjm,4,0,0.10940771126775824
6RRNNciQGZEXnqk8SQ9yv5,4,1,0.6853646148757032
48RrDBpOSSl1aLVCalGl5C,4,1,0.6594743463085478
2TZ9kaTiLewawHZK7yylSC,0,0,0.2757815405565321
7uzmGiiJyRfuViKKK3lVmR,1,1,0.7719933013658903
32OlwWuMpZ6b0aN2RZOeMS,2,1,0.9215456674473068
0OWZFobGSIW9GrSlQ9C5pc,1,1,0.7460322944472279
5HJquCkq9Ixq0O8y0dAiIW,0,0,0.6006638523436382
5dVeOUI43XmZ8Pg0CPifW4,4,0,0.7169057745080383
1Ist6PR2BZR3n2z2Y5R6S1,4,1,0.7000625626934345
6ZV9wdnLyCWTra8vnVvz09,3,0,0.30871985157699444
73f2uSzP92RYlXzITudNzv,0,0,0.17245727443811276
5G2f63n7IPVPPjfNIGih7Q,1,1,0.42159821743325754
1mKXFLRA179hdOWQBwUk9e,3,1,0.6113006396588485
0w1uGsI3cjP7xSX97XrvQo,3,0,0.5073242948418264
6FxC6j3SQlVsnokxxhAxXN,0,0,0.4042303494078899
5OUSPcqhYTOzpbXzoEvKim,4,1,0.5271949682781572
3xVZYkcuWalGudeKl861wb,4,1,0.6942709906067318
7zVCrzzEJU7u24sbJPXA5W,4,1,0.3217244807012854
3sYBFUXTv0STUoUINx9Qe8,1,1,0.4912239103646578
5zFglKYiknIxks8geR8rcL,3,1,0.7825320512820513
1dekgAFF9uTCqLsklDaCWb,3,0,0.32735760971055083
0BCy325UZyR9z0t0uxwn2N,0,1,0.47499185079198947
7rL602DQps4QmrrjbinLzP,0,0,0.48804099542868223
3sf3UltkA8AYsYOgpSYP5l,2,0,0.7701851232296196
0l0CvurVUrr2w3Jj1hOVFc,0,1,0.7780094638653078
5Zb6THrh1D6xUXkrrCYan4,2,0,0.6252705627705627
5DBjfRTOu395Fr5o7RTA0H,2,0,0.587121212121212
61waVybdmiALy94UNU5M6s,0,0,0.2565663330538909
2tpfxAXiI52znho4WE3XFA,1,1,0.764994287586942
6Nc5QI0ODERfwrJDZECoe7,4,0,0.15735221311867187
6fxVffaTuwjgEk5h9QyRjy,0,1,0.4017034553035727
2TuKKkNajalhwhGPzAqH9m,3,0,0.38767193922356685
2ihCaVdNZmnHZWt0fvAM7B,4,1,0.33564723235094457
4sqK3chS8d96laonwg2xVq,1,0,0.4324871971847852
0HFoJSIbneK6QWLnPJjML2,2,0,0.29345238095238096
27tNWlhdAryQY04Gb2ZhUI,1,1,0.4516512687467403
5NQbUaeTEOGdD6hHcre0dZ,2,1,0.7905289155289156
1IA65F2uYuqeaEVx0Hjjfe,2,0,0.21119929453262787
7uokjCoYFxSdgcq53GNWhJ,3,0,0.6639205406658464
6609cCUb8ayZkTUvkJ03Rm,0,0,0.11001292603046642
6g6A7qNhTfUgOSH7ROOxTD,4,1,0.8318750188292382
2EEeOnHehOozLq4aS0n6SL,1,1,0.635599769786069
0tgVpDi06FyKpA1z0VMD4v,0,1,0.49298026198057604
15C4TnrrVdym7UykxQIOTZ,4,1,0.700125580296421
5mHdCZtVyb4DcJw8799hZp,2,1,0.792664244862482
7hZtfayYQukFySbj746HJL,3,0,0.5435525826830174
4FlTbvKgYXQQoZcuPMhhyp,2,0,0.6252705627705627
5YqEzk3C5c3UZ1D5fJUlXA,3,1,0.7110585878038935
5VSgSktetufsSWNfoscbvq,1,0,0.19958903558116017
04HywTwgGtbATUROKD5Ata,4,0,0.24772780151245466
62aP9fBQKYKxi7PDXwcUAS,4,1,0.4064980414306993
1j5uMKcBWSaJHFLRCCpCKQ,4,0,0.13094948943893497
56orvDKaaL0lWllCuTqMED,4,0,0.7666859121478907
6dyMer5WZ2hpIKNbb9fa1T,2,0,0.8069722200872175
2T0dh7hiBM73mEFwUGSqMQ,0,0,0.7894690948230774
1gihuPhrLraKYrJMAEONyc,0,1,0.12903133044373818
2zt7BAfxMaQmuDYebTfqtb,1,0,0.3344879921308277
7KokYm8cMIXCsGVmUvKtqf,4,1,0.31779495242215333
5MEYDJVJMaGAXfddTo0D6J,0,1,0.7502391144561512
6YUTL4dYpB9xZO5qExPf05,0,1,0.2206490578676654
6V1bu6o1Yo5ZXnsCJU8Ovk,3,1,0.7825320512820513
1YlOZY3puELE0PgxD1enZo,1,0,0.6372102613224307
1Rw3HZkVVR0MjEVIH8hgLo,0,0,0.3141935287209906
41Fflg7qHiVOD6dEPvsCzO,0,1,0.7677933999488635
18s2VXUFA8RmEPFtkgRJJK,2,0,0.17350427350427347
315lUcWQbGT0IH21ukBWlh,3,0,0.43988957902001374
2xsAm4w9P3kSF1DophKAiF,3,1,0.27126556376933764
13yWzrXrEtiAvQzo0ZgHYA,1,0,0.36023678297003164
2plbrEY59IikOBgBGLjaoe,2,1,0.458531746031746
0mBKv9DkYfQHjdMcw2jdyI,2,0,0.9215456674473068
5jQI2r1RdgtuT8S3iG8zFC,4,1,0.6837390246503737
35BAwUMAhz3P5FTbQRBmZI,1,0,0.22599865486622714
2LEF1A8DOZ9wRYikWgVlZ8,2,1,0.7732426303854875
515OfuSUlr2igB70C83M13,3,0,0.32735760971055083
2iESiCRjb0axMYi1bZkGbi,0,0,0.4024877919019188
6Ld8WXbMN3g8s5lbmyG0uH,4,0,0.30217148412015027
3lSDIJ2abCrOdDJ6pshUap,1,1,0.7566641244153652
36meE3FrlfHJmc1Yi37JQx,0,0,0.513893579318817
5nmHl233yo8XJvaNfdKAWU,2,0,0.4129830917874396
1wjoepBCP3UGg8iOVic3nn,2,0,0.20653909641133597
7nD9nN3jord9wWcfW3Gkcm,0,1,0.777495867667641
1HFfMOxCAT4GAwaPfCdmUs,3,1,0.05317811793623537
1DzRqP1kaRcdAbbuA93PFw,2,0,0.08024691358024691
0ivSICeARK2xi8iRvHeVAd,4,0,0.49680522943259353
43zdsphuZLzwA9k4DJhU0I,4,1,0.6128181526094071
5w1vhNA2OEWUQ371QzyMmM,0,1,0.656437711919844
5O2P9iiztwhomNh8xkR9lJ,2,1,0.8187016134167152
7e44z4wOjkllaD8eulUeMd,3,1,0.8394391677973768
4Ce37cRWvM1vIGGynKcs22,0,0,0.7753432858179167
0M9ydKzuF3oZTfYYPfaGX1,3,1,0.7545469766551856
3EO58D1YpHnTvBy68gK8HE,0,1,0.8198436669996491
6dbSBQXCctYSVryynHXaZ4,3,1,0.8062952284034374
36pLU2ywVeBKEF0rrKtmCB,4,1,0.1759962303723522
2gwkD6igEhQbDQegRCcdoB,1,1,0.6542430300185166
199ay7SDkskvNFylhPPMYU,4,0,0.5261143948966405
6FZDfxM3a3UCqtzo5pxSLZ,1,1,0.6319477799032959
7kmljzcVVr6Phj1IL27AVc,4,0,0.16635240725195496
2k1PUdpVQbeJYSkQm50zLO,1,0,0.6152812379607817
4urcG6Nfubqsuqy3juMjBi,2,1,0.859938524590164
4q6dqyGM25sKFU8nYAGRe4,2,1,0.9426400672686727
72jFoOulGip53D9qZWMvi2,1,0,0.7644174083870675
4P0osvTXoSYZZC2n8IFH3c,3,1,0.6811594202898551
7lidXGPXPYLNThITAOTlkK,1,1,0.49763101086263345
3By9IFm4E2BvKQygT04O8g,1,0,0.6058038748882589
4pCaeoKmsr85fn8THb0Jnc,0,0,0.6955329987987467
1fXV02Qh6002zRidAcjFOg,0,0,0.20393254422875107
0VDmMjl5LuQUaMGdSCesnt,2,0,0.5649092970521541
7vu0JkJh0ldukEYbTVcqd0,3,1,0.7825320512820513
7qiZfU4dY1lWllzX7mPBI3,0,1,0.8494784735575726
4iZ4pt7kvcaH6Yo8UoZ4s2,0,1,0.6266289796746743
4E63weMCaNZuGPEFMnuEi8,0,1,0.6717644579254368
7MGCdXA9hghopcTiSmYFus,2,0,0.1287931145551994
4kbj5MwxO1bq9wjT5g9HaA,1,1,0.2459267732581615
2toVe5hfuIi97ytDPDbQFt,4,1,0.796355171800713
51mwvxRXUktJYBXqq9uXuo,0,0,0.6615020883179562
0fYVliAYKHuPmECRs1pbRf,2,1,0.4203287170050622
2y4lAQpi5VTNLu2ldeTdUH,2,1,0.9191919191919192
2Yl4OmDby9iitgNWZPwxkd,4,1,0.7287275636634226
2ljBzSWN7BhubXwqbdtE8e,0,0,0.49496562962299673
2wSTnntOPRi7aQneobFtU4,0,1,0.719319607805498
5eCkuGPZNl4mISFNPgr3Dd,0,1,0.5233512057686378
3xbxh3LW9v6E3wn1AwUJfe,0,0,0.38542330139688374
0yPWj2trBQazAUasaLmqbU,3,0,0.25816993464052285
0RdeBuehFZDqizsfbFQxUi,1,0,0.17907943008708274
2T23r4De9TGsNRF4u7tU8p,4,0,0.5367584573441339
18XfhVkjMrvih7OywxBeOz,1,0,0.4042101591830187
12N5hUETprhgb2zeWAzUkS,4,0,0.5616774008075239
2uXlHCUbq9OMUwx3hrk06o,3,1,0.4336609643857543
5YEOzOojehCqxGQCcQiyR4,1,1,0.7061522479427631
22mek4IiqubGD9ctzxc69s,3,1,0.3023106673236407
6hkjKixSrlQurLqgc9RSGx,0,0,0.28652043820846
5ho8oss55EBoevEvhlrCo2,1,0,0.34839129156750365
1xzBco0xcoJEDXktl7Jxrr,0,1,0.2955912403671627
6to111eRsvoClVL7d9BRfa,1,0,0.2625647892759866
4C6Uex2ILwJi9sZXRdmqXp,3,1,0.7742229025811115
1diS6nkxMQc3wwC4G1j0bh,4,1,0.4631549891240821
2pIkKOkz4HiXNza1xfSBEo,4,0,0.2585994116972769
3BEG90ffpOk0TO8PTEA4AT,1,0,0.30653203491165937
1rDVaaK71S83I9cpQR2aKl,0,0,0.07852644673529853
7d4CKDt1av9NE0be9bugWW,3,0,0.36613756613756615
63gUTDYyGuFbNdpJmMMX9I,1,0,0.29066726090031736
6eBpGavikKcTF89k0qfw0P,4,0,0.32302914885176764
4Pdaly89XS1AQV1QARV0yK,4,0,0.1130405518690719
3g7srauXB5IBwGV0menlIB,0,0,0.23248465283198905
6r0ZHBrnN30QZiO2r5vc5i,1,0,0.14052455814373196
5mueyPaJsGl0bGiZSu1z0e,3,0,0.30871985157699444
5rQ99yGrZePB0cfdhP2yTi,4,0,0.3202493463523466
2QZ7WLBE8h2y1Y5Fb8RYbH,1,1,0.6402578344314259
6E11E0lT5Zy7yb6iT3y8DN,4,1,0.8673937807100401
1wfZdPy5FRWsdWaAEOG0Ml,2,0,0.8110119047619048
76hfruVvmfQbw0eYn1nmeC,0,1,0.723158826311527
3QaPy1KgI7nu9FJEQUgn6h,4,1,0.5243586534789056
0sHc1EEeOnmgjP6QmsR7px,1,0,0.7658712032468432
07MDkzWARZaLEdKxo6yArG,3,1,0.7545469766551856
5O5OavctuO9wnt7smmAQku,0,0,0.5794239519737866
6BORJ0ZazxMBpM3cWg79Id,1,0,0.413945915929284
2kalDCDKHDOCGoawOg9xIo,1,0,0.48868457055213615
12K4heaHk5aHqb2LDv8gC1,4,0,0.5119589456276405
4hPpVbbakQNv8YTHYaOJP4,1,0,0.7602335062755893
5CXnIPD6rTjszYYQm6fY2P,0,1,0.45446225647606253
5oIVNm56t6OIf9ZjdEG3ud,1,0,0.7523247695895138
5UfuygJfTKp2dGtWDWOLvg,2,0,0.27369929453262787
6s9ICeczYOfbHHIaSMq9jd,0,1,0.6393430903017029
0V3wPSX9ygBnCm8psDIegu,4,1,0.2542330527465381
1VjaZbooaWkntfBLoH6Tb8,3,0,0.4780394208965637
5UXiVaP9ngjUGyj32SeOy7,1,0,0.4175963107978349
1qEmFfgcLObUfQm0j1W2CK,0,1,0.7102307015269343
7IYZNVEseDwrWbKe1n0X4j,1,0,0.5879089796625209
4NWctT5ACNTPJadWyJKSWo,1,0,0.309644392111899
37BzQ6nCVvtjtRN0142zge,2,0,0.15873015873015872
4mtmmBBEgdJLYWnLy5zvWE,2,1,0.40187198067632846
5FljCWR0cys07PQ9277GTz,4,1,0.722898375240547
2E43WFS4rRc09za2r2GmZl,3,1,0.37437641723356
2K87XMYnUMqLcX3zvtAF4G,2,1,0.27369929453262787
76VtA90NKurNqaQpV126Ue,0,1,0.429241934824066
0E0xCeOBQRSkbABuLVOR4F,1,0,0.7002266089360281
29SvTTSIa1hdulOzztjBDw,4,0,0.6667310534800844
7dJYggqjKo71KI9sLzqCs8,0,1,0.7894492999156495
00PmVuzpGbFDLVZbPhPEUT,4,0,0.7716219955132151
58w5J5yNWeGZ7a4cM1rO7Y,4,1,0.7330726985665913
32l3HV3vwkoVjagjLGdJll,4,0,0.29158723210716225
6PCUP3dWmTjcTtXY02oFdT,0,1,0.31648299567731875
0h6X7BCq7IYKHNoXln3LX3,2,0,0.09126984126984126
6vQzDYRYwVv3YQIaeMmT7N,3,0,0.0
34yAAS72vZUXvsQPHGZexE,0,0,0.8055552076760053
629DixmZGHc7ILtEntuiWE,4,1,0.7549216391640562
29JrmE89KgRyCxBIzq2Ocw,2,1,0.9215456674473068
1X1DWw2pcNZ8zSub3uhlNz,2,1,0.39305555555555555
6fm1wV6DlN5d7C3UC5hdOX,4,0,0.3294894557773415
4eWQlBRaTjPPUlzacqEeoQ,1,1,0.7055361466419573
66t7utfP4M3sQJX0fw81q4,4,0,0.25250711665024783
0AgeQpRVvKKHQr5RxImIA3,3,0,0.14034833760141863
0WNfQxDGaPTl0yogcMR5v1,2,1,0.46490929705215417
4qwSAMwROvCd8QMCwZl7GO,4,0,0.40290924715091164
1ebc9N7CRDuLAyoPKYbAPx,1,0,0.2735814764204227
1OFgEELgwfTOt3WcBuOPxk,4,0,0.8178584549313767
6wf7Yu7cxBSPrRlWeSeK0Q,4,1,0.5551194662495534
3Vr3zh0r7ALn8VLqCiRR10,0,1,0.6149999784328855
4fouWK6XVHhzl78KzQ1UjL,0,1,0.39063131956544
5fC5FVZx30t7ZMGdcdyigc,4,0,0.30442199163480976
62PaSfnXSMyLshYJrlTuL3,2,1,0.12786596119929453
3Cmk8tpw16p5KKnvN1HTgB,2,0,0.21119929453262787
3BxsBcF3pnwOq69VZuEI5N,1,0,0.23239931229346011
4MQfntyMKsALV9J4ht9BEq,0,0,0.10147935750738989
7wHyS43lEqEMFxAjTcpARd,3,0,0.1572192513368984
0SuLAslEMFZAXf0SwY7syi,2,1,0.47319700045618895
6O33G75ykzQi3JZfQByc3t,0,0,0.5214316220557546
588MPhMBqTP1IdOYPRGmZW,0,0,0.6538937844763443
76cy1WJvNGJTj78UqeA5zr,4,1,0.46885144366613574
13ZsCa2muiXhSgfz4J1LDg,3,0,0.05416666666666667
4VVfzoh8MuGWLIpcF8vB1O,3,0,0.7183186888139944
72GVdRHK49beKrC1NqRCqj,3,1,0.6285364160539476
4lDOGXgNqQZqEPA9nonR6t,0,0,0.6881566503403542
1o1Pny4JcE3LdUBeBedbm6,3,1,0.632581509326815
2DbDefRFJ5YOfXCKOeCJJh,0,0,0.7826673068121237
7o1Pm9jpH0wFpN5g793Lnq,2,1,0.6000874125874126
6vIi1fDLoB0cXdUqcZ6QRi,2,0,0.2569444444444444
6i0V12jOa3mr6uu4WYhUBr,3,1,0.323029906022217
4PMqSO5qyjpvzhlLI5GnID,0,1,0.60223646349638
1LJHaEviO17R5ayPKb0Qb6,4,0,0.17563247298800308
5cF0dROlMOK5uNZtivgu50,0,1,0.7964366238961024
19kUPdKTp85q9RZNwaXM15,4,1,0.763640223756195
2KYRuoSR708PWRDaj2SZaa,4,0,0.31457269592051573
1gtujMFECzLtqLO7WdN1s5,4,0,0.574736244113845
2uvkKq5fVKoI8AMUyB7Lt8,0,0,0.22182227613201985
1p80LdxRV74UKvL8gnD7ky,4,1,0.7235069818644835
3Vo4wInECJQuz9BIBMOu8i,2,1,0.8988095238095237
1eUvaf8Z4P2kU6flnFIzzD,1,0,0.35170209582962036
4e6ZN0EcEqYx74BTC5xQzy,4,1,0.5552664759077163
7oGZAicScQt96OAW4AruYy,4,1,0.6141752311139551
79R3qLqdbwUSYWX4cEOpbJ,0,0,0.6694585524263476
7c1Gt8oLIsVgKHnekswmw2,4,0,0.31305419026010695
05SBRd4fXgn8FX7bf8BCAE,0,1,0.33047020733825744
1eQZUmC4ZBYHvOOyl1JkN5,1,0,0.6183312572805059
0hL8yBivUahlm1rhQ1a0Xx,4,0,0.7582909735138226
21QQ5b9PP7GnWl2GI98kjD,0,0,0.28270571399946914
0bILU0UiNDmA5Ff6whhb2R,4,1,0.414792920008777
2ig2xQfH9n76wdgAipnD5i,1,0,0.7535274544704498
5QYATXoAhM9FsBv9ZdbQ4i,2,0,0.24682539682539684
2aQwdBWk4vSPWk1Csgtzdo,0,0,0.4629490520581889
6LoQHIo74tOzQ8EsLEkhgF,4,1,0.5572928158914053
25CA8QVJQrh5R05UUCaODM,2,1,0.618566992014197
4V8UAYs096q62PGVQuudbw,1,0,0.469727132617459
3ON6Y6KAlNjOyj4wEquCRz,4,0,0.7925042159665682
4XNrMwGx1SqP01sqkGTDmo,3,1,0.7545469766551856
32XaqPVTVkkuOiOPQZ3SpA,3,0,0.4678343862392827
5g3h8gCrJwDABVoDZl69yt,2,0,0.07539682539682539
6uHcXmNcm6qU1h5yVKTY58,2,0,0.7858287545787546
1KxwZYyzWNyZSRyErj2ojT,1,1,0.4772152991429095
1WbYFNSUNn9fP1x0Z5DU95,2,0,0.6719411540840112
1TwLKNsCnhi1HxbIi4bAW0,0,1,0.7153322702601393
6Uy6K3KdmUdAfelUp0SeXn,4,1,0.3031080717153118
4kZlcEXnP90soPZLc85aBK,0,0,0.6829015483567309
07KXEDMj78x68D884wgVEm,3,1,0.9000452284034374
3LlAyCYU26dvFZBDUIMb7a,3,1,0.23953217650696643
24LS4lQShWyixJ0ZrJXfJ5,0,1,0.33326866990084936
6I3mqTwhRpn34SLVafSH7G,4,1,0.39083376549057314
65cv0OI9HmwR4EmN6CWucM,2,0,0.43990929705215415
1tyfx8Ia1nTgpujgKFugss,2,0,0.1111111111111111
5e1F4YZGMOWg8ROXZyJfAA,1,0,0.24861210083894755
3FBisbTYZcpmPPAjnXE7w9,1,0,0.48659297062162904
75lo8VozcCLRG9WGG674iD,4,1,0.7670457474978652
4jL6WWKFDqCOPo2hC3VhSS,2,1,0.4537981859410431
1BllALFzMck8VAezqbpoKV,3,0,0.1925133689839572
0Dsga1306uOFIDpEoIUsCq,0,0,0.7224836132175289
0dIoGTQXDh1wVnhIiSyYEa,4,1,0.559276686624029
71QRhIccCmaxuDInqIO5xq,4,0,0.2684365716926504
16wAOAZ2OkqoIDN7TpChjR,4,1,0.6262166707237952
2QsgqAZ4SwuipP30znNeof,3,0,0.03333333333333333
2z1LgCApxLsaB5SNgJTGzX,4,0,0.10532909153857228
3d32X1JXSXTH32lyK20SkS,0,0,0.11465698222462184
1XRgIKC5TPwo7nWGyKqgG0,4,1,0.7823031538113221
6FB3v4YcR57y4tXFcdxI1E,4,1,0.3854150337168956
3zHq9ouUJQFQRf3cm1rRLu,1,1,0.7218873043674806
3oiMJQAWVaxSubJ7b2VUtX,1,1,0.7785607206279378
6315XlIxnHKvQGA4zpusuV,1,0,0.2832004168044262
7jP7iCJ1cXVXYHWIkYtP6d,1,0,0.6395402148983597
0iWFz0Q5Qha9bx325ocFWq,4,0,0.6729184339699966
65y06cXpmPD1N9NLhy1Akj,4,0,0.17672450909639126
6Swa2wkTqv5AzmeptAdn4d,2,0,0.44830246913580246
0PuUfJ1DgkMCJOeubtz8AA,0,0,0.45621877639445474
35ovElsgyAtQwYPYnZJECg,0,1,0.17750196772159743
2QjOHCTQ1Jl3zawyYOpxh6,2,1,0.4129830917874396
78OdP5DHibfC0n3W9mGxY1,1,0,0.5117958327543866
0TBgMKD86t1VP3IzhxCoUl,3,1,0.7207427536231883
6aSwH4whSmRnIZGwjXZS4C,4,0,0.732333780912501
4Xx0J00u90QvnG3rwz4Itp,3,0,0.6357965170640486
5Oa4jjIe7d4tGsXevIQdrK,0,0,0.6925762609778202
1DbZAffh8GGwW41Q3AU8iC,0,1,0.3899701819074855
6I6JOi3mf6q68dE7JxzYUC,0,0,0.28399521002779665
6JjPBQfI2Y8nIjnm65X6Pw,2,1,0.7222658294086864
4bsVr6YLbGDzERo8yVCJue,3,0,0.06862745098039215
0PvFJmanyNQMseIFrU708S,3,1,0.6705367096671445
5MwIGPDKeDb7SpblcaQP6O,0,1,0.2210203077912818
3vuRYeE3ZV3FbwH6FwgaxJ,1,0,0.8332731823747398
7K5dzhGda2vRTaAWYI3hrb,3,1,0.6585899166986083
4W9XGjEUVG9junR70FOLii,0,0,0.5426645740399526
6n4U3TlzUGhdSFbUUhTvLP,3,1,0.7545469766551856
4l0RmWt52FxpVxMNni6i63,0,1,0.6925890043480396
7MS7rMHWqV5FY0Z7hhpZJh,1,0,0.2542813348454627
2hrUO4drrO63i7FYbCLBl2,2,1,0.626010101010101
3eQlGeyuSibgAGPEJugaDW,0,1,0.7904293301135928
6t6oULCRS6hnI7rm0h5gwl,0,1,0.4226439624439387
6c6WmIHcHlhccEwSFBhzNa,3,1,0.5380738233704708
4qikXelSRKvoCqFcHLB2H2,1,1,0.651438133397621
7vjfnsnDXZGK4PSq54ISjc,2,0,0.8705357142857143
4xhsWYTOGcal8zt0J161CU,1,1,0.8197298127114293
1PSBzsahR2AKwLJgx8ehBj,1,1,0.7632485178912257
6R1ArLLvqPvS3AHg9YgmrQ,0,0,0.3189848165302162
5tz69p7tJuGPeMGwNTxYuV,4,1,0.4753038794102737
6EDO9iiTtwNv6waLwa1UUq,1,1,0.6917999014489645
0heNuib4Sav7wTa7WgpQ49,2,0,0.4407608695652174
56IU0nuwzC9IKvVuOy1seD,3,0,0.4162464985994397
1F1qLs8bVuxjI5kE8xOazm,2,0,0.4407608695652174
40YcuQysJ0KlGQTeGUosTC,3,1,0.6878985401176041
0lYBSQXN6rCTvUZvg9S0lU,2,1,0.7784268814713778
2GGMabyHXnJmjY6CXhhB2e,4,1,0.8212498653796997
60ynsPSSKe6O3sfwRnIBRf,0,1,0.6429825831609145
6DEaND0SHv3sC11xobZLiy,0,1,0.450924786822414
3OzCF9i6Ey7EkkAYJztmKp,1,1,0.6222029926320131
3j84U36KvLeXNDPv4t5pI8,3,1,0.850869664688699
09IStsImFySgyp0pIQdqAc,0,1,0.6771353499667646
0Y1MWB026LYxGvhq4EcMiC,3,1,0.4485697309226721
07kMiv6UkKywlCVimdpxUx,4,0,0.5820226031540707
5a7NdkF09AfD0H607eiOkX,1,1,0.652424154499866
0UAB340gAcSMk3r0a8PTag,2,0,0.5467132505175983
5S9lfZu1YF8xKkgSsqL2Bd,3,1,0.7207427536231883
4iQFfCO7ATDe8JizP5QKIM,2,0,0.0
2ekn2ttSfGqwhhate0LSR0,4,1,0.7464624716608602
7qCAVkHWZkF44OzOUKf8Cr,4,1,0.6113066560470124
1rUQmXEy41tXwHIKFECNTa,1,1,0.24680655392834883
0U3U2BbtXbgPscRIaGWLtJ,4,0,0.2993946762453482
6pw1Wu2oPMWzn4oJ4Ppopu,0,0,0.6205473626324961
5VgYeY1uWRuHRPIt0uz4iA,1,0,0.08390677161401612
37jTPJgwCCmIGMPB45jrPV,3,1,0.7149636433218522
2PnOCPd9oZhbLGSzzFf8Ba,2,0,0.12786596119929453
0WbMK4wrZ1wFSty9F7FCgu,1,1,0.5270772906591765
3rmo8F54jFF8OgYsqTxm5d,0,1,0.43153826984938276
0am001WwFBVGDGLwRh3ixi,2,1,0.618566992014197
6K7tbjweliRGJ2rMT7Aesy,2,0,0.6755952380952381
1rfofaqEpACxVEHIZBJe6W,1,1,0.8669967353447311
3NSmC1EQKOdUe6KhMrDDk5,4,0,0.7186437722028948
1WkMMavIMc4JZ8cfMmxHkI,1,1,0.5960687310447443
6dOtVTDdiauQNBQEDOtlAB,4,1,0.5097313678135633
4qQwGRtGT7l6ckQtdPEFd4,0,1,0.6597933918971557
3cXEhlI2PKHEjDt39I2upA,4,0,0.34660511130916277
2phNY2bHpAbROCrpAZw2R2,3,0,0.787690916049125
0ltWabjFKp4e1qqS93DI2n,3,0,0.6373572120771164
6qzJH7vax8R2ywupGjViy2,1,0,0.7164238240953775
6J5sxraPPZ4b0CVOGAgpXj,0,1,0.6767942527970569
4l0Mvzj72xxOpRrp6h8nHi,4,1,0.4667957252348531
6CThut6kPrjot0pTJOTEer,2,1,0.5494107744107745
1V3WzyG1pYRlWHtbT5XYH6,4,0,0.8147610254530436
6vnToAh7RIRYU4XMM2Wir4,1,0,0.3909952479189868
0QY5rPPBmMZMBVvmDckQhx,4,0,0.7928415910170997
1PHXS9pkvHwUbRPnA5XyHn,4,0,0.30096312398306885
3DarAbFujv6eYNliUTyqtz,0,1,0.8063489076005056
0AS63m1wHv9n4VVRizK6Hc,1,1,0.5540320578025338
45XhKYRRkyeqoW3teSOkCM,1,1,0.8130249970837625
4cktbXiXOapiLBMprHFErI,3,1,0.6285364160539476
4ptlAXjTGJgjrxGQ7EGn4W,4,0,0.657143132097496
6KeD9SvXkjmbgKxOT2dy3K,2,0,0.19135802469135801
3CRDbSIZ4r5MsZ0YwxuEkn,3,1,0.31324654656472384
6OhoxQCOlfQaeEyYQ9vHfA,0,0,0.256638970063419
1h46YgHBuJqwJ50efAN4yT,3,0,0.22287581699346404
58q2HKrzhC3ozto2nDdN4z,0,1,0.7349176930325241
78Du4CMFgnhdlG33gblkiP,0,1,0.5619744497781439
1ms5tNNdPouTtcD2oVF9Oz,0,1,0.3926874157001641
3Ws514Z32R5RStEknopqFP,4,0,0.7817178592502332
0FDzzruyVECATHXKHFs9eJ,3,1,0.381159420289855
1McB83bDNHKktZYh6GSSSy,1,0,0.7413407329443126
67g3peWMWu7Vbq7aZNe1Ts,0,0,0.6042255353415263
7COfe3P7KgfwDwIRB8LIDw,3,1,0.7545469766551856
578Eooad7oUyn4stovZiPg,4,1,0.7178034936485497
1jMjqKIBm7r94LnsPVHD0z,1,0,0.20380672391274043
6Nt8JXqD73iPp1tJLJduaQ,2,0,0.2222222222222222
6rVuwfysYo1Bp4Hoc4YuE0,1,1,0.7046007681619014
4YzYSRZTMgVngQP1iL38RI,3,0,0.3378684807256236
5R4fsCui16zT31xp9rsRkm,4,0,0.2994045320236215
7pNC5ZIKtwUK0ReSpM3P9f,1,1,0.7102282025524481
762DNrRoNdC6IyKWcPY0Vu,0,0,0.6996895857450912
6irE4Fbjbry3czv7mTxVSB,1,0,0.7418461378828582
35rSpXB5bk9ega9jsjcRts,2,1,0.7637778887778888
0YpzP03QziAgqcZSCtjbl2,3,0,0.568361801242236
1rqqCSm0Qe4I9rUvWncaom,4,1,0.3776400475051085
3Z30Gh3iEhTeQiVM47sZLf,2,0,0.8312137771154164
5Xg5bGbWHToIMSsqWxOsej,0,0,0.16272919042627967
5WvAo7DNuPRmk4APhdPzi8,1,1,0.8636472125917668
1ahAuX3F6tDdNRfMdiLsv6,0,1,0.7791532162301346
0KKkJNfGyhkQ5aFogxQAPU,2,1,0.9132532878674322
7rKR1MvQKOminlLVUmZhwN,3,0,0.5028486394557823
3qhlB30KknSejmIvZZLjOD,4,1,0.14039736107496173
6JaPUxse2AsI0df7XXvetF,3,0,0.16853333860935715
6f5ExP43esnvdKPddwKXJH,3,1,0.7067204301075268
0rCFRyEy4WXjRXNpO80Dzs,4,1,0.49003818869176907
5WcAw6NAzt2cMDILhHnySb,4,0,0.2056305415101313
2d8JP84HNLKhmd6IYOoupQ,2,1,0.8392857142857144
4bZd0nRuX8HyjeXAUBczvm,2,1,0.49154040404040406
5xzzxWj8a1YBbNZhNLqWuQ,2,0,0.3371913580246913
5JfzG6442R2JvJXBDfUXZW,4,0,0.5035033054055736
0SZRWZnSbvPmTVWcOjoQoo,4,0,0.4354225497790532
3HVWdVOQ0ZA45FuZGSfvns,4,1,0.511208920425941
5hRkInDMxslZd6KTkIkNYd,0,0,0.22931306204041924
2nbzkK3mlo8LWB4t73iloJ,1,0,0.4156792090396441
6K8qKeWo5MsFED7wCR6Kop,0,1,0.5687069767839912
6wJwkMo278iWVlWl1XQ4WA,4,1,0.39658465289324935
1PC0GlgxnHDhqtuUQ7v0LJ,0,0,0.27746798230096464
1BZG99C7Co1r6QUC3zaS59,4,1,0.3317511901056557
6v3KW9xbzN5yKLt9YKDYA2,2,1,0.591540404040404
3nB82yGjtbQFSU0JLAwLRH,1,1,0.5521617603769244
5jsw9uXEGuKyJzs0boZ1bT,1,1,0.44814092069275696
7IYoh1u7dFM1xIWSEYd5B8,2,1,0.587121212121212
0lxCvY5L6XpFWPDH3iq9yx,3,0,0.08490741936305156
4UPf2eHnblndIwxepTF0AP,1,0,0.6536946316433379
3CbPsxgJB53v51wWqcY6oD,2,0,0.16613783473421792
7q8jJ1XZEliBakZSUMFde5,2,0,0.5275252525252525
0nJW01T7XtvILxQgC5J7Wh,2,1,0.7355040792540791
5WaItWNLLLJ2P2AZyrsg9v,1,0,0.1857233061872213
3B54sVLJ402zGa6Xm4YGNe,2,1,0.8110119047619048
51ODNNDZm21HU7wI7cccRr,0,1,0.5311839355911425
4gbVRS8gloEluzf0GzDOFc,3,1,0.6357965170640486
4q5YezDOIPcoLr8R81x9qy,4,1,0.44409485940843824
6rPO02ozF3bM7NnOV4h6s2,4,1,0.6914111712383901
4Ce37cRWvM1vIGGynKcs22,4,1,0.3068122847564565
5M8goiFYynmNxhueYW6grR,2,1,0.46490929705215417
3vv9phIu6Y1vX3jcqaGz5Z,3,1,0.7472868756450847
2McT2fkH0VDqPsbiB9HWPq,4,1,0.7382504536907198
1M4OcYkxAtu3ErzSgDEfoi,4,1,0.779766761569885
5Y35SjAfXjjG0sFQ3KOxmm,0,1,0.4992384899371465
76YkEVUWvMTwZVlxhYG4Mm,0,0,0.08884693892469846
789CxjEOtO76BVD1A9yJQH,0,1,0.3900830326724248
1g0pdNC4sLKV0bGBV5ngcW,3,0,0.30518874216353203
6GsAD8PgHxmEuIPTG8GP3M,1,1,0.7494126381670295
26rdOwwjC2UnweK3xeS58u,2,1,0.5522830344258916
6Knv6wdA0luoMUuuoYi2i1,2,1,0.8110119047619048
50DKBnjijGJ2d0WV5nqNTS,2,0,0.6834215933014586
5ya0TmUQw2wHMkq36rPsnd,1,1,0.6192099461358443
6Qn5zhYkTa37e91HC1D7lb,3,1,0.34957983193277314
5qrSlOut2rNAWv3ubArkNy,1,1,0.36399467174187095
6B1iDt4SJmWFUeC61V4W7S,3,0,0.48262462175505655
4EKH0ajMHXTkq4ztWuztVH,4,1,0.3991837523026156
0puf9yIluy9W0vpMEUoAnN,2,1,0.8705357142857143
5Ut5dDKfBUCMsWQbc3Lgyi,0,0,0.09994009800733766
2vcyfSrV7QKkxvMMl3EwRv,0,0,0.3185392817898522
5PUawWFG1oIS2NwEcyHaCr,3,1,0.07878787878787878
51eSHglvG1RJXtL3qI5trr,0,1,0.4957573363978492
1qoa9LMGkjuLJuxf8Uy5OI,3,0,0.22661396574440051
7l4feIUBXoYNfXwUAfeAto,0,0,0.417896017027979
2kwqblYAbloVXhyBVcxEw5,2,0,0.047619047619047616
45Egmo7icyopuzJN0oMEdk,3,1,0.7545469766551856
5BJSZocnCeSNeYMj3iVqM7,2,1,0.5707031314324618
3S0sk6DSTgesXsUSAEHNr5,1,1,0.5741071544455458
26BY2zbKPBdk6CZZwmuVGr,0,0,0.5414617328131787
436rdO5fgKVH3HhjA0VyFQ,1,0,0.10063665283701217
0I6V3NmtIepabp1tg4PUIF,1,0,0.20441851180140833
5HxyJa6E8OXdYKKfufrbKE,0,0,0.36944092446255655
5DzDjQNWih2eZNMeE22atV,4,0,0.15448633928571656
3bC1ahPIYt1btJzSSEyyrF,2,1,0.8050233009249403
5Wi88A08kr3Y1OZFfgwWtM,2,0,0.29175293305728084
1eTdTVIxLlhHwwA50vEzZa,4,0,0.4713284885944658
0HyuVJ4BTlsRo0MrEdBbsS,1,0,0.4276037563340633
53QF56cjZA9RTuuMZDrSA6,4,1,0.42444828295510867
35qQhUcOMO33BxV0kW8pQk,2,0,0.07539682539682539
2dLLR6qlu5UJ5gk0dKz0h3,0,1,0.524193209288811
5maiP9UMnTSgoxPX8X3bdz,2,1,0.8882123341139735
0Hf4aIJpsN4Os2f0y0VqWl,0,1,0.758382987712016
1mIETcSwoPrJCMpd4gvajs,0,0,0.33759537689640623
5DPJRKOh4xA5aMCabNSLCS,4,0,0.08042384156753322
5XLye2xYwqnq1aOFsbP1Ac,1,0,0.22276185660009273
66hayvUbTotekKU3H4ta1f,1,1,0.31150093632530873
3w3y8KPTfNeOKPiqUTakBh,2,1,0.8173729674904396
0uXrbzsugKdlAwxQK2IKD6,4,0,0.34125695586035726
4MAv7MqIlcaTBHGiUXIWiw,3,0,0.6840279123861213
1iTWoKAdilGEmit6xhQZje,3,0,0.6285364160539476
5xTtaWoae3wi06K5WfVUUH,4,1,0.5574597163371622
08ljt6NCNAgewQaMya1URa,1,1,0.7919109797220464
1TE8AAk9koG0UJco6ZAUfx,4,1,0.34721547792952356
2bT1PH7Cw3J9p3t7nlXCdh,1,1,0.3784478171778765
1bDbXMyjaUIooNwFE9wn0N,3,1,0.5073242948418264
0pqnGHJpmpxLKifKRmU6WP,3,1,0.22287581699346404
60wwxj6Dd9NJlirf84wr2c,3,1,0.36731261803287824
1EAgPzRbK9YmdOESSMUm6P,1,1,0.3954281380167539
0NAcDFrzFFLYym7hlraGY0,1,0,0.12499176494762282
5lF0pHbsJ0QqyIrLweHJPW,1,1,0.6564939727167037
1stZ0ggEGxXvwzIRmMPdO6,4,0,0.7365967955217351
4reXo2zg1uhEIpUAacDb9C,2,1,0.49154040404040406
4Oun2ylbjFKMPTiaSbbCih,4,1,0.834248949635158
4Fxj5bX8ZlTGw42BIkFwng,4,0,0.7788310143393528
3USxtqRwSYz57Ewm6wWRMp,0,1,0.4208541448836574
1D0PwOIdkVjW7157VR1YOG,2,0,0.21119929453262787
4uJwQujdAC3c203QHqvwT7,4,0,0.5772016600236524
7GJoMiUlL9ZBegGcIpFupA,4,0,0.25248399015661954
1JdWRS3PBZlSgKcPKcULtr,2,0,0.08024691358024691
1Nq7YzMnjDHtyqQ09NuLHM,0,0,0.4008425575892569
2QtJA4gbwe1AcanB2p21aP,3,1,0.491914025162107
3ZiOxFTHhVWe4ckApB1CJd,4,0,0.5664857970536691
1vAUsSGNMCjy8nMT7EixHU,1,0,0.149422197850584
4t2gJmhZZejXcx67SEtsuh,4,0,0.5510600324977233
5JiH89mHrv9oWHlD0T326z,0,0,0.5964152154803787
2bN0VoXCagktb6yAi9942I,4,0,0.43228113764414705
2aJnyNu4PQxQ2lyj5boiMG,0,1,0.4385507629566434
3UGIZ8qcrMTwzLbx6Kttqt,4,1,0.7604798209708367
4MRT0dDbhqFKl67WzhUbSw,3,1,0.6144927536231884
0Qh38w01QRXK6KHIv0e3hb,3,1,0.5668737060041408
1yjY7rpaAQvKwpdUliHx0d,0,1,0.6802512034554228
4oR2cCQGs0Yt0Mgr2diV6V,1,1,0.7257906296110845
70KsMP2RIJDg6YAbKpWIcz,3,0,0.4845461757904154
7ytR5pFWmSjzHJIeQkgog4,1,1,0.8362127508924457
2XkT5kbEEWPBJ99y7AadzM,0,0,0.3516297989207704
5JVbvCHX10U2pLa5DEqGav,4,1,0.33842443857210314
0hy1SOTEn9ifXTzOwnCwEr,1,1,0.8035459723567433
4FWmHUJMGLhwIgNFvYm3Pb,4,0,0.6947914048993126
4nVBt6MZDDP6tRVdQTgxJg,2,1,0.23464806798140128
0EE2j2FRROnvxeHCab6Ssf,1,0,0.20150099144853262
4rHZZAmHpZrA3iH5zx8frV,1,1,0.6198881992812387
3jVtllWS5CFFWLQng8sKsr,0,1,0.5679973725258891
1810boVAzbaxqBzAwXp2ZM,4,0,0.6282481738582617
3XMyREykeptNpvd0tE75xw,2,0,0.2635281385281385
17IcI8xMok8qFNhSPRufjo,2,0,0.6137188208616781
0HappsAtiF5VJXo7v3jKRb,0,0,0.6638205193670516
1P17dC1amhFzptugyAO7Il,4,1,0.7308519701074695
7CtxZEZ7N2HcgTfff5yNA4,2,0,0.21877505210838544
04aAxqtGp5pv12UXAg4pkq,3,1,0.4845461757904154
01aponripySMrxA2XTXjkV,1,0,0.3552292537345334
14gdERIqymApVn9vcsbmZ3,2,1,0.6000874125874126
1UZOjK1BwmwWU14Erba9CZ,2,1,0.30932539682539684
3fBbfrWZUuWWrMQXFISr7N,3,1,0.8645833333333334
0vFMQi8ZnOM2y8cuReZTZ2,1,1,0.13148718298955642
30RZAuEkYeDXvy46Iv6l7E,4,1,0.7239825962072364
5Hroj5K7vLpIG4FNCRIjbP,2,1,0.6534051697095176
5BxPJHZF1hm9O56GhBjeO3,2,0,0.06349206349206349
5u1n1kITHCxxp8twBcZxWy,4,1,0.6334186372753658
6vN77lE9LK6HP2DewaN6HZ,0,1,0.6632337888829029
5kcogo8rmbAuu8zeQbRUGg,0,0,0.07943702536858445
5ru4gSTUUrctULaWvZlcad,0,0,0.38616487114060294
50kpGaPAhYJ3sGmk6vplg0,4,1,0.6613753705339301
4knL4iPxPOZjQzTUlELGSY,0,1,0.4735432354754669
4MagTPnkPiDuIa4P8GtW1b,1,1,0.7325859113496791
0fOdQh0inTrt49Olua9oce,3,0,0.48262462175505655
1Q9ePyZ6uZEU6Mmiux9KiE,0,0,0.6473109332512327
4IIknmEvthSXJInYkVNLDP,2,0,0.3680555555555555
5hTpBe8h35rJ67eAWHQsJx,0,1,0.8065524141323207
0uarRpkJ0fliqcxy5vCwqR,3,0,0.6285364160539476
5gA8EOXdKP9KsXsklisT3C,1,0,0.35568917311905085
6jfEZdUJ2Yla6h7gTJgKuo,3,1,0.5651467935050024
5ka2ajep9OAvU5Sgduhiex,2,1,0.6391489513240357
7DSAEUvxU8FajXtRloy8M0,2,1,0.731962481962482
4bIZ9j4SHomHdcTjh2rfhc,0,0,0.2813744434068129
126oeltvIg79HHP4yAi4rq,1,1,0.7472784074044768
0DwClY2t9YAWHBROMIgrXb,0,1,0.40243258678694654
1Wu5ERJDVhEUDKSim34CnP,4,0,0.6691482704806172
4jPy3l0RUwlUI9T5XHBW2m,3,1,0.8032649253731342
0U4iRayct65wsaBMQGiLbg,0,1,0.6760883127551486
6aXgxeYA03veaPyHHZQaj3,1,0,0.4806502562496842
3CTYmzckYp8iCEnqCk4mJH,4,0,0.2992310117508361
3S4px9f4lceWdKf0gWciFu,3,1,0.7825320512820513
1BsrBCypJvmRdE7opPhBAP,2,0,0.338379917184265
5nujrmhLynf4yMoMtj8AQF,4,1,0.7228950978240517
4Tt6GiWS2V9sQjZjS2xjp2,2,1,0.6342132826683676
5pziLFnvxKHEYk1DEabyb0,0,0,0.2626504163043097
5RdMiRPAp2cZfeZiNLG7Go,1,0,0.4516792780959568
6mXdCcFnPKQznj4CmMRmHC,1,0,0.6938855118818434
4G8gkOterJn0Ywt6uhqbhp,3,1,0.3440171239484646
43VXG87ajppI8mO1Mxo8vu,1,1,0.642667057960685
436dUUwBFNBUKhYKmLAUdl,3,0,0.25816993464052285
5XKXMWPACPq51OiqzxenZo,2,1,0.777281746031746
4WaDNrOs4CwEIvPOXTCpdi,3,0,0.7168689669573874
6mstsFlnLZidRE8K3JGtV7,3,0,0.17973856209150327
0IsIY8pfu1yaGkPUD7pkDx,4,0,0.7543783884292777
6UelLqGlWMcVH1E5c4H7lY,0,1,0.707427379981171
4n9tc1RCBIzH94P2Q2j9Po,2,0,0.456849477682811
6rMwYjoFvxKiaEH4If8ZpZ,0,0,0.6264442373142244
34cHrVZPJ6toBLGcuF3vnX,1,0,0.527507346997306
3kXH9BQq0TyNliiP1MIE6N,2,1,0.731962481962482
7lQUiU7ig8VnBUF0cHZGOH,0,0,0.25683154310913286
1BLKbeXEpR3bIWzyp3Tf79,0,0,0.5468398375267355
1pbHy9VBpSyZh56xuujZz0,0,0,0.6911663475652565
5YqltLsjdqFtvqE7Nrysvs,4,1,0.579124733209356
1gg7VrHQD09dTZd8MzCsRA,4,0,0.26625451582334897
37f4ITSlgPX81ad2EvmVQr,4,1,0.4319785094797628
5ZJGv7aGdIr9IGpxzSG18T,3,1,0.6787353554806611
4UoHr0QnT5qlvRnhKZ4nDp,2,0,0.07325017928864158
01AbB47Hm60LTIStyzMb2g,4,0,0.30410647270411156
2bL2gyO6kBdLkNSkxXNh6x,3,1,0.7742229025811115
54PbBpquVfhfrwRwvjSXbI,0,1,0.5088400086762921
2oftIq7jZ1RmxtckArhNhU,1,0,0.47815389013657655
0ZNrc4kNeQYD9koZ3KvCsy,3,1,0.711309220139282
2c5auu2wlDjh3PqH35qzrc,3,0,0.5500593375768691
0nrRP2bk19rLc0orkWPQk2,2,1,0.2847222222222222
4EQV5E5z8vhfc6C99RehjB,1,0,0.3001249325886531
2l6XDDLJeb75safurlAsiK,3,0,0.1140819964349376
2Foc5Q5nqNiosCNqttzHof,2,1,0.0989010989010989
59ywHNwwchG4nZJMLyxSzd,0,1,0.6644699181912023
4PpuH4mxL0rD35mOWaLoKS,1,1,0.6294132941005111
5tFep7dXGd7vEJ668wTPux,4,1,0.7615967281600909
5T7ZFtCcOgkpjxcuaeZbw0,2,1,0.7822871572871574
2g11HhWmh6h2EgnMK3WWSu,4,0,0.39266254764664216
2HRqTpkrJO5ggZyyK6NPWz,1,1,0.8221566869126633
0OSP6D8g0orNXAHhfHxgG7,4,0,0.3828825114640837
6Ozh9Ok6h4Oi1wUSLtBseN,1,1,0.7856253588901021
3uxOO2EPQCgEkpkdC0Tj7g,4,0,0.19960014265677772
00KyYtT6NaXwbPecina5Pj,0,1,0.6017762408142153
4sUznhMUu1NCVZYuO5mVkF,3,0,0.1140819964349376
5bcTCxgc7xVfSaMV3RuVke,0,1,0.6949614804902978
2RCQ5nfZGHGlxQkjoWE7Mq,4,0,0.49233935010160873
2iuZJX9X9P0GKaE93xcPjk,3,1,0.7149636433218522
5Ohxk2dO5COHF1krpoPigN,0,1,0.2973548751694678
7l9IqDtVWJurTvkQHq1BGh,0,1,0.619257222976096
3bHcQsPXda18ri3WAO1xIs,4,0,0.1318197660309049
5z4rXPO6B5SSMVnRfPWb61,3,0,0.22287581699346404
2VSnwBXZLxPJoAHyDRyxrW,1,0,0.7400147447814834
2MxG5l4bd3HgVzEuY5EvMt,1,0,0.24492082167880724
41MlSJxqdr60xsfYocAgRA,1,0,0.26538736748464536
5kqIPrATaCc2LqxVWzQGbk,2,1,0.27469135802469136
2XU0oxnq2qxCpomAAuJY8K,4,1,0.6106679664253182
4YIRHEgi3ABgwGdgJkI1Zk,1,0,0.33711733910456565
63r0zgb1q1a0N5HNKAn3Po,4,0,0.3010525612843887
1kbEbBdEgQdQeLXCJh28pJ,4,1,0.5552710942982144
7xJYA6jhgw4vVEBFyoPGMZ,4,0,0.33483780548540487
7GPq5i4Dn95yDaqxdoeKNW,4,0,0.6064753306726213
07KF1lMPEgIMfcLnqTjks2,2,0,0.07905982905982906
2mlNgAeIBnL78ZriXgrRHz,1,1,0.3076399383603363
4tuD5dWiGkUHd5MGRDUfC9,4,0,0.4117195480639797
4r1p0rILitWmWr7ZYO7B4c,3,0,0.7110585878038935
0HnaqUxvHP5LaWdmWwJpiS,3,1,0.4632653061224489
2Vevs2eAQNNb7NTpKj5kqA,2,0,0.7546986256002649
4HMfSzk0UsiRhulF0eb1M9,4,0,0.36496495296437076
7aXuop4Qambx5Oi3ynsKQr,1,1,0.8046700281214442
5OGZ2Mx4Cs6RCndDRycGBJ,0,1,0.39266036832105317
6F1qzxCuYBuUnKZz1ZOEWc,2,0,0.4286576949620428
1H7KnK26kc1YyellpbINEn,3,1,0.7825320512820513
6UW9S0skvWZ9PUvLti7aZP,3,0,0.6343084218259534
3Vi5XqYrmQgOYBajMWSvCi,0,1,0.7365282321082981
0C8HYnqsmiYxsKUaCBGZlf,0,0,0.4513146764458263
3ms9tJvFtCRqWMagyOnUAt,4,0,0.35818117283571577
50nfwKoDiSYg8zOCREWAm5,0,1,0.7918432337849218
4dVpf9jZjcORqGTLUaeYj9,3,1,0.16789215686274508
7zNFggZPMLBF6rLOz4XoqQ,0,0,0.10726577663772603
5RAXb67yhAe5rw5Q9nSPUg,4,0,0.4641453305786083
5myjSxfvS8pzSMK3jJcfIL,3,0,0.3117647058823529
5NQJnRpJHRaupdegphntQT,1,1,0.6553231469002394
7tr2za8SQg2CI8EDgrdtNl,0,1,0.7230668219577612
1Ex29VjL0Au0nZ6WetjfH9,1,0,0.2650095179868018
0NTMtAO2BV4tnGvw9EgBVq,0,1,0.13305817086892555
7q6UVd7B02FlcLc7d13M3q,3,0,0.6343084218259534
09hVlIVHtEE1nLUv6YGZiW,2,1,0.3371913580246913
119BNEAhAdpxMP2lUqU1t3,2,0,0.07539682539682539
72jbDTw1piOOj770jWNeaG,3,1,0.22287581699346404
5DIBVDJOHh7djepAjKHWCO,1,1,0.7327482214824226
6jjYDGxVJsWS0a5wlVF5vS,0,1,0.7978671998680972
0n4bITAu0Y0nigrz3MFJMb,1,1,0.762893082277108
0aYt10BH2QvudRK5rbnDnv,3,0,0.32735760971055083
0tUeV3UblB15D5PwMPSrbw,4,0,0.11678724361105337
0BNmpxxtfAZKa2im1oaIyC,1,0,0.2805924068489761
0A9mHc7oYUoCECqByV8cQR,0,1,0.16527066894379114
1jAzdHn0n2mODt7ZwW9S8N,3,0,0.5964858248440338
2iUXsYOEPhVqEBwsqP70rE,0,1,0.8678922701552395
2IRZnDFmlqMuOrYOLnZZyc,1,1,0.7469208321601614
4S5r8rve0naIVJETA51Oh5,2,0,0.5193181818181818
0lsRatBUs9HNIZAmoGABzk,1,1,0.2601602577026425
3a9dxgyM2rbFUvmN35qTTj,2,0,0.338379917184265
1LhMopPAallLeaeNutqbgS,1,1,0.420059362047259
2j5hsQvApottzvTn4pFJWF,3,1,0.7742229025811115
3p7XQpdt8Dr6oMXSvRZ9bg,0,1,0.5226743793179855
7uo4haz4VHCmrjBO0sZXUq,1,0,0.18631827020306213
3jjujdWJ72nww5eGnfs2E7,0,1,0.5297563223261325
1NRrlwFxkrEr2ZnwXJAXWe,2,0,0.1952380952380952
0CwiF8zPjl7ESC6nDnBvPo,4,0,0.597533359953888
2FY7b99s15jUprqC0M5NCT,3,1,0.4171114599686028
4lhqb6JvbHId48OUJGwymk,2,1,0.40187198067632846
6yARPLK0PV4heEyh7pVMGz,1,1,0.5874672696528552
1S1SmyaFUHdAVAl16eZlgj,4,0,0.306785121235327
4lIxdJw6W3Fg4vUIYCB0S5,4,1,0.6743734758034997
0QHEIqNKsMoOY5urbzN48u,0,1,0.6154485240319161
0DWdj2oZMBFSzRsi2Cvfzf,3,1,0.7545469766551856
0o6V0Ij0wf7nZiTxPTiWgQ,1,0,0.23920768394766068
7sHGrG2Xo1UQ4mSLZLpyY2,3,0,0.37437641723356
20R4HfKloPKgXDqU7UKk3x,4,1,0.49758495623375576
1wWZLW9uN2gLHkpx5MlfHV,0,0,0.4309832286957014
6s9m5J92By7jii22Q2XtY2,3,1,0.7237730566534916
6CjtS2JZH9RkDz5UVInsa9,3,1,0.5862876254180602
2vwlzO0Qp8kfEtzTsCXfyE,2,1,0.35425293305728084
3QGsuHI8jO1Rx4JWLUh9jd,1,1,0.6849186327594863
5pfJsMwoRYKampPay8amX0,3,1,0.5962131837307153
6t2eIONH4Sax3R21QWiKNp,4,1,0.7527444776654586
5f1joOtoMeyppIcJGZQvqJ,2,1,0.811697182598822
0moqpuDhgttCjbCW9eYtNq,1,0,0.5009711613524984
0Rm85lKJ6ekRvWTF3msFXz,3,0,0.5287784679089026
5b2bu6yyATC1zMXDGScJ2d,4,1,0.696265207215888
67awxiNHNyjMXhVgsHuIrs,0,1,0.2511837601025149
1rkfJLgTlB6XYNjgZ0sVaK,3,1,0.6720248049052397
5uCax9HTNlzGybIStD3vDh,0,1,0.48673379151491986
4E0v7I2QmiTFDIDJuP5AeZ,0,0,0.27427643036815397
77e1d8pVDGq0z9Vl6NGPwS,3,0,0.32735760971055083
3DmW6y7wTEYHJZlLo1r6XJ,4,1,0.8345753143924721
7hHeAw2ll9ZuWlg34XhMis,1,0,0.20909819347249545
3Yli7uWdYoxhtC8lsQEKC3,3,0,0.17973856209150327
5enxwA8aAbwZbf5qCHORXi,4,1,0.4229295945656648
7ANJBj2j4axvayuxdnKqoS,3,0,0.1925133689839572
3rUGC1vUpkDG9CZFHMur1t,0,1,0.7080085841055382
4umIPjkehX1r7uhmGvXiSV,4,1,0.7383325006775717
1JCCdiru7fhstOIF4N7WJC,0,1,0.31338030134731115
2Rk4JlNc2TPmZe2af99d45,4,1,0.5975982156417119
1sL0UTiQcgcoaYgRlkR3Y6,1,0,0.5927542761095311
7zsXy7vlHdItvUSH8EwQss,4,1,0.3873985889779476
6MVsglpCXFeS8sY2aGU8DN,3,0,0.25816993464052285
20DfkHC5grnKNJCzZQB6KC,1,1,0.619786167478356
2IGMVunIBsBLtEQyoI1Mu7,0,1,0.6455956090609332
1BxfuPKGuaTgP7aM0Bbdwr,4,1,0.7005482195533782
7pzMu8Y4MfwSgbuqJGcCw2,3,0,0.4485697309226721
1jaTQ3nqY3oAAYyCTbIvnM,1,1,0.6194932321452731
7yNX3ZFBWZoR52pbeU4Mcl,2,1,0.619481018981649
65y9gkCzkq6XEzqzrI221z,0,0,0.8395696837330829
0qvKgNrG1NGD2gfmWPlY6a,1,0,0.44491706571713624
5vUnjhBzRJJIAOJPde6zDx,4,1,0.748279062268796
0oJcIWQvejgUi79vtH8x80,3,0,0.45708421602834987
7kDUspsoYfLkWnZR7qwHZl,4,1,0.8158934023799375
7BKx7RIo6NKZOTZw7ht8tT,3,0,0.11176470588235295
5amnF5J2joZnGLJnyuyLkm,2,0,0.07539682539682539
7gZXCjAy6nxKCQWLEeX4LZ,2,1,0.22348484848484848
09mHLXMh3rmruStxevfh3U,3,0,0.24517481831812712
2f4K9nhN2RaRsMGaXTO3zt,2,0,0.7822871572871574
1i1fxkWeaMmKEB4T7zqbzK,3,1,0.71494295041092
6XHVuErjQ4XNm6nDPVCxVX,3,1,0.7253839415355924
4kte3OcW800TPvOVgrLLj8,4,1,0.6766248572612072
2UIUM6WSATp3fK2rgBwB6J,2,0,0.23464806798140128
7DnAm9FOTWE3cUvso43HhI,1,1,0.5644698142750695
7cRggVoZ18mmvIN2EcSQ3J,2,0,0.47372572217292713
4iJyoBOLtHqaGxP12qzhQI,4,1,0.7746992257712936
6fDlK6P4s3BVMls9EmfCWI,2,1,0.818194125818211
5yhKaacMZGRo4s6evJx9vk,2,1,0.8932718579234974
1brnLTvarI9D1hLP6z2Ar8,0,1,0.643711190443918
13P5rwmk2EsoFRIz9UCeh9,1,1,0.535357525670355
2DQ1ITjI0YoLFzuADN1ZBW,2,1,0.7050595238095237
3LEiqJm0Q2iwUNZ8t5PDqe,3,0,0.0
78pn8k7RogKo2oxl0DyX6d,1,0,0.4697717075471585
0J1YRLYhTG1MBosjidD7OI,4,1,0.7031787392398104
1at2p0RehzTXaFZFhlWXua,2,0,0.2270723104056437
5G47DlluL671zo0k3OhoSm,3,1,0.5580047403576816
2sLwPnIP3CUVmIuHranJZU,4,1,0.8283846360295115
5ggWRMAGb5XhVN0bbCQBZ6,1,0,0.2741085752709262
0zMzyHAeMvwq5CRstru1Fp,2,1,0.08024691358024691
21bRzGDnsSLUjnVV07LSCA,2,0,0.3371913580246913
24aWQFM1p8zbVcbDt93OIp,0,0,0.3934227896960342
3CjVigooVCgh0kam8sHYkN,4,0,0.5457136847842226
2Uak7X78uNFUuEsA22GLT6,2,0,0.13095238095238096
02VBYrHfVwfEWXk5DXyf0T,4,1,0.771426245611738
7ju97lgwC2rKQ6wwsf9no9,0,1,0.4628947768586298
7xUv1Igrk1WG79VfD0xsXS,4,0,0.653797946575676
7FC9Lng8iXU081lbigu8m8,4,1,0.31591727142963816
1vYXt7VSjH9JIM5oRRo7vA,4,1,0.6458583802925154
7p2UuZUwgke4lSW9B9mgwG,0,0,0.1336886765737695
0tEKvFDyMqytiKeyVCdyHf,2,0,0.4407608695652174
7gFqTzz5tl3xKn3GmfH4Md,0,0,0.07233112361262939
2vlDrKpOC0eSTqTDRcbYyw,0,1,0.3223295798710671
1zB4vmk8tFRmM9UULNzbLB,3,1,0.11176470588235295
7rrWWr43Qc5aXED95aNfxq,1,0,0.44352222079388365
3Kkjo3cT83cw09VJyrLNwX,2,1,0.49154040404040406
7gpy7sfWPNuOKmUNs3XQYE,0,1,0.284073798971689
29kQS8jVf08MEp6vFCF8Ot,0,0,0.4688659632489128
1b5mYf9KGaSwNpIeFeY1FP,2,0,0.3194444444444444
3iYEsBl8NBq1o1j5uY2Noe,0,1,0.6471350177288412
1bzM1cd6oqFozdr4wK6HdR,3,1,0.6647647038951386
7xcUWyLh6fIMsYjoVI7NnZ,1,0,0.675084424132043
1K39ty6o1sHwwlZwO6a7wK,4,1,0.3461072086371147
4tCtwWceOPWzenK2HAIJSb,0,1,0.7713932847303671
2WnAKZefdRHxtBEkRjFOHC,4,1,0.7783284728942091
3UyszddHSXiGMz3zVLOLRN,2,0,0.5911719233147804
0PJIbOdMs3bd5AT8liULMQ,1,1,0.8074699308967089
3nbdFDFM4Qq9CCrpSmKFEl,4,0,0.5476505695792354
2OzhQlSqBEmt7hmkYxfT6m,4,1,0.38366188356892383
2ssK82MQkZY7qJvQeJc1Eg,4,0,0.6214469941836871
6iMlgxnCWO9On1xaVH9NEL,2,0,0.2708333333333333
7jb91qnNv2R1XdrICW4A0y,3,0,0.37070190394998576
7EQGXaVSyEDsCWKmUcfpLk,1,1,0.7061346660133427
5AnCLGg35ziFOloEnXK4uu,2,1,0.8380681818181818
1jF7IL57ayN4Ity3jQqGu0,3,1,0.25816993464052285
1z9kQ14XBSN0r2v6fx4IdG,0,1,0.300449572740248
0SyCiolhBfPZNivoisaqGY,4,0,0.3182929206375706
3f74yUzjdr1P2xyAsBxPHf,1,0,0.23296815538619578
14OxJlLdcHNpgsm4DRwDOB,1,1,0.592078449761747
6St3D4YAUdJmLpXx79TaMk,3,0,0.37437641723356
0EYvgaUy9DrBh293VywDew,4,0,0.1421226480505178
6U2tdXbNc2MLcgSTvDrb5L,4,0,0.23189794012494516
20BOju91NaEFK5Py4VJ2pp,1,1,0.8134517961750943
0i5el041vd6nxrGEU8QRxy,0,1,0.7111264168182668
2wujUp0aQsgQsXaDYXbQsf,3,0,0.568361801242236
7uui6vJjtVTyFBvsAhcXOU,3,0,0.25816993464052285
0wHFktze2PHC5jDt3B17DC,1,1,0.766917686245668
04DCCbYhogCn0M5mdTgbhd,0,0,0.21393297324295357
0RxtndMsfgaTzHuM5C3BBg,2,0,0.35425293305728084
6KmrCHbuNOsdoeDOpwetr7,3,0,0.744815668202765
4pAl7FkDMNBsjykPXo91B3,0,1,0.7035619182582042
0wXThIDxO3YRJCpPgnmbkw,4,1,0.43933733374236034
0SGkqnVQo9KPytSri1H6cF,3,1,0.6065116431187859
4NPJJpgmAb29HXKgzU396B,3,0,0.4955885384456813
3cHyrEgdyYRjgJKSOiOtcS,0,1,0.8788058975217398
5oO3drDxtziYU2H1X23ZIp,0,1,0.7842357043649292
7FpBQ067pHB67deawpbbcY,0,1,0.734047996960157
1a73gcEg6h6Re6hHXoVltJ,3,1,0.6647647038951386
60n0qy7AhVhoBJoH6IY62b,0,0,0.30843315801055393
7gpy7sfWPNuOKmUNs3XQYE,2,0,0.8125
0l1KmytAjlHMSni4mjSFFz,2,0,0.047619047619047616
2FdlazENi4Cz960NQP8vQF,1,0,0.414766994524345
0vbtURX4qv1l7besfwmnD8,0,1,0.6075367804173718
4ZzbcSm6MxnC15BcDqEYyK,3,0,0.25816993464052285
7a53HqqArd4b9NF4XAmlbI,1,1,0.5885540759205311
0wI7QkCcs8FUQE1OkXUIqd,0,1,0.3364217450868611
4cCGGuqCQMeNsa7DQPrx2H,2,0,0.13095238095238096
3VjxkoKZ4UvDrkLjw9hkyp,3,0,0.09648565789384439
2JzZzZUQj3Qff7wapcbKjc,0,1,0.6732509941831194
5CCr8msaN3MhgqBoa9yWhH,3,1,0.6788690476190476
0lx2cLdOt3piJbcaXIV74f,4,1,0.3556042197130546
56baab14qPpWQDgJAz8Yql,0,0,0.19818916633033348
4h9wh7iOZ0GGn8QVp4RAOB,2,1,0.6547348484848484
0oCNRAmwLo4zHDpCKpjQtI,2,0,0.27469135802469136
1BTj47Up5m8601KOFrTvkj,4,0,0.7271073781940464
2bJvI42r8EF3wxjOuDav4r,1,1,0.7127609301107941
6b8Be6ljOzmkOmFslEb23P,2,1,0.841989806641446
2tJvfpgftWLqbn3lUwnc7v,2,0,0.4129830917874396
52okn5MNA47tk87PeZJLEL,0,1,0.6163504423393017
09CtPGIpYB4BrO8qb1RGsF,4,1,0.4975490157736326
0FZ4Dmg8jJJAPJnvBIzD9z,1,1,0.8125555918809976
3NLnwwAQbbFKcEcV8hDItk,2,1,0.8050233009249403
7qvxFz3JodM0A7xEM7k3YD,1,1,0.47706877988719193
7g1KHFtfJF1Xhp3QNIoEfH,0,0,0.27025647876154374
1hRjSRDp3yJUnOOPHSphps,1,0,0.575093336840163
2yS9BlRbvQ17F0Vp92kvcj,2,0,0.5193181818181818
040I32EKLxQrkuxQu1pqvT,0,1,0.3985924330054318
7LdeARrgXe9xRNlT9JCd6i,2,0,0.49154040404040406
2Nfl9Z37KVuVtao3utRNjc,0,0,0.0852489686234595
65ACnVMmePTp8Xdk11jP2y,4,0,0.7035008130954293
2YlZnw2ikdb837oKMKjBkW,0,1,0.486628349061291
1WThEmIxSyaqG6fVsyCmcL,2,0,0.4129830917874396
71BGZTni94TaPoMjPgDHKj,2,0,0.22800079005313748
7vRriwrloYVaoAe3a9wJHe,3,1,0.5962131837307153
09ZzQ0L2JGm1PHMCcUL9es,2,0,0.3371913580246913
05g8odKZNtmjsf37iVe26n,1,0,0.14910167033655833
2TR7A4ulH9R1PNwMyd8o8U,0,1,0.7685725055036282
6Sn7PcMw0AxV5pB5epgbaX,4,0,0.13653236790343468
0XrA3wDvlZEWUuIKK7WRqd,2,0,0.2677469135802469
42UaTVeWaNaME7ttu61ykG,3,0,0.5287784679089026
6AvfZXpbb6r35DfF7gHPRq,3,1,0.5139636530940879
7iMoHcQI7dE0l8XfejXAdX,1,0,0.3773061822170775
1NpW5kyvO4XrNJ3rnfcNy3,2,1,0.7288670867417518
0SqUFLaRXwufRUsJ0t4dXB,3,1,0.3291357598757978
1IMDvlrTNMRgAV4lY33Q5v,1,0,0.5543174937048829
3wx2kQWPn9p5UppQbNhPAk,0,1,0.7783262981969767
2TREpB5pOlxXpzbREZn1LN,0,0,0.498616317451227
4SSnFejRGlZikf02HLewEF,4,1,0.2975147488523859
0a74XCJcWX9mFvLUMdmjNV,0,0,0.13499592246349804
3fNaQSMgFrYTkTshRX7J1u,0,1,0.7782446812845616
6QFCMUUq1T2Vf5sFUXcuQ7,4,1,0.7969888553918326
1nueTG77MzNkJTKQ0ZdGzT,3,1,0.7472868756450847
01uqI4H13Gsd8Lyl1EYd8H,3,1,0.2251931075460487
22VHOlVYBqytsrAqV8yXBK,1,1,0.5284843377833129
59CfNbkERJ3NoTXDvoURjj,2,1,0.4407608695652174
5L8C1PZGCpZf8STcN79H5j,3,0,0.5651467935050024
0CiRnuzUmOlm2rPxRTD2nY,1,0,0.5022129929127985
5Eg4TsPcqNbIjd8ADMZosg,1,1,0.5641669087314023
7auPqljdHNJQdfGmoIJv8T,1,0,0.15813332913948144
4RVwu0g32PAqgUiJoXsdF8,4,1,0.6683671066407618
1BnnIIWBEzKEeri6z0Rlen,2,0,0.39305555555555555
5z3pmQEfKB9AwN9aFn4PQn,2,0,0.2822671156004489
1EJIcDYXwSqipW5dFe4uJz,1,1,0.519399735135883
7JE9Sz07lBFG2j020vnx7C,0,0,0.0777079048655848
6TDZDeTpzDl4v4cbqECsmQ,4,0,0.38816170475423123
39Yp9wwQiSRIDOvrVg7mbk,2,1,0.8418109668109667
77lGafvlU68CeHgB2pkHC9,4,0,0.5519587568217545
2TAVBD7uYxrkp5Ca3nCyan,3,0,0.12042695729096015
0W6I02J9xcqK8MtSeosEXb,0,1,0.8139339981881989
08wUcJKJ4TvbPOYwfzavt3,2,0,0.2718253968253968
3RiPr603aXAoi4GHyXx0uy,3,1,0.47853554582489344
1ZIKpMTRPqhwAoVXWY3tXI,0,1,0.30800267512455143
01vv2AjxgP4uUyb8waYO5Y,3,0,0.2656108597285068
4ExfBQfuuU0v07p428cmLD,1,0,0.4107961051939492
05K6g4II3MhrAdX2oOl72y,4,0,0.26490468124916106
5lNuqFVMca4vPupY10cH0J,2,1,0.3371913580246913
5wsqsHO57y8iWki0KErnIu,4,0,0.31334544750937693
1rq48Sf5rX0NHj85aXUNEb,3,0,0.1810859456135556
0Ooyozkp0kmElMwAzFFZLR,4,0,0.2238503158645729
3Dv1eDb0MEgF93GpLXlucZ,0,1,0.6372721438499286
1gugDOSMREb34Xo0c1PlxM,0,1,0.675679004875548
6tiKwZppNjrls8RsPQwK6r,1,1,0.6530322242304419
2FQrifJ1N335Ljm3TjTVVf,0,1,0.7110668930169705
4k80K0b6KZ2QjAYkXON7q6,3,1,0.37064636661940537
0K2rV3vi4Kcn0a60XkiFkK,1,0,0.2504428073551482
4wkQmYpAaMe41Rc3sYZ7Vz,0,1,0.5705286375375684
1Ib5tLTFz8teJPcxZycpj3,2,0,0.7474489795918368
7seTcUFOhn5caSDbiSfsp0,4,1,0.7836512226472103
7a86XRg84qjasly9f6bPSD,0,1,0.3159148829612213
1pVVCHc8awfVbVmAlfpjRL,2,0,0.2638888888888889
60bwbplTn6F5WGlDbFizH4,4,0,0.14740765987047308
7a5WVvAqdpvoZ0DZmw9LgW,1,0,0.602183107165616
4BY8C5eGptvIsmVakAD5kw,4,0,0.14178323497322085
2GyA33q5rti5IxkMQemRDH,2,1,0.4407608695652174
7hiBhOh4s8G0xmGYBAjyuw,4,0,0.4870825097982592
2KtGiBi5CrX2ERPD2PAS34,0,1,0.7827553460187163
1HXy5I3HTWq8OvxCn0z7G7,4,1,0.4473055170489704
69uxyAqqPIsUyTO8txoP2M,3,1,0.6260747544329633
5kNe7PE09d6Kvw5pAsx23n,1,1,0.7809746173923885
2diG4h1sYNUIsFuOrdI9Dz,3,0,0.6720248049052397
7GKa1bqDrR3X86WJbPhdjI,2,0,0.21877505210838544
41NNPqgD7ZLIMfHLSZHF4A,4,0,0.39604064212508344
0FHIq5cBB5ef1G15erWB4w,4,0,0.17385688772686825
2KqJC0koTBUyDlsMt5ok1V,1,1,0.6781601658447448
6ehSzG0xtmu08y44FK3c3w,3,0,0.4162464985994397
4nK5YrxbMGZstTLbvj6Gxw,0,1,0.7055994580483614
0qXB712p0kz9oBUnyYFlr9,3,0,0.7472868756450847
4R0wmsPPh4ykxTidxkh8wZ,3,0,0.5500593375768691
7nERlpaH7QghaO7jC60Xtu,3,0,0.5630232542674939
4bIm4FMRH7wDXsOEHHEBz2,4,0,0.5933358132422218
1WoOzgvz6CgH4pX6a1RKGp,2,1,0.6821299171842651
3rHKQceCHKNPfkyDLQUtLB,3,0,0.25816993464052285
0owLVkfqH7az9VpCeYnTLC,0,0,0.16244733971559253
3f6GtDW4mmQGyR1evmZgoH,4,0,0.36412904998939416
0MA2KPJSwDlyuZsn9AObCe,4,0,0.3089290039407795
4mbVBOnlDb9pNl997oyyXR,2,0,0.2385281385281385
0336UwEBwBBao8uWCuugYr,0,0,0.4460434157349891
7AbMI7lGeKQDEnIDpmSvHn,0,0,0.315942520143778
4L9Ds4mpD3SuYoWwFUlv16,0,1,0.480260016645259
7l0u38sWDqqk6TySNOZtO3,0,0,0.7399890201238634
2ZDVBd7dVE7LUkzRJ4Z33k,4,0,0.6701413898045455
7HLkxwqysaWLC0hOAGkboA,2,0,0.27469135802469136
7xDd7gl6AGgpiOz5trz4dM,3,0,0.4162464985994397
5zUQZjVB6bfewBXWqsP9PY,0,1,0.6608900156269755
46IZ0fSY2mpAiktS3KOqds,2,1,0.3760802469135802
3ut6ZIaZrFaZOHbpO5ptDA,3,0,0.26674968377929403
2kJwzbxV2ppxnQoYw4GLBZ,1,1,0.5373919194723524
0BSAoLiwvKwwwu4V2F1LU5,1,0,0.2450809103715735
0gqysuo5JAFi4J1chidYzK,2,0,0.39305555555555555
2lMnOVKVY39zI8Op6KukTg,2,0,0.21119929453262787
4krZBMENG6coQYEaZkVvHP,1,0,0.22949359449610063
3TGRqZ0a2l1LRblBkJoaDx,2,1,0.8050233009249403
6wmAHw1szh5RCKSRjiXhPe,0,1,0.7204046004868342
3EWHYQR0hpbW4Uns2wXn2M,2,0,0.5986394557823128
4VUwkH455At9kENOfzTqmF,1,1,0.5228055074448791
3ZCTVFBt2Brf31RLEnCkWJ,4,1,0.33876255609088785
6RNzAJwQ0v61Z0emjsrJu0,1,0,0.13245149438602427
17phhZDn6oGtzMe56NuWvj,1,1,0.6537083301819531
4au7FRcgZzChASRYu279xH,4,1,0.7311310468028029
39UYMljdF8EHcry9izkB0h,1,0,0.6699619153594417
7rPLYmabWMobWhoIqZe6rh,4,1,0.5925874030084182
1sFqfjMzxrwyvhL8785yUL,1,0,0.15596207721701227
4NYwy0R3NdvORX2B6OZXBT,2,1,0.7474489795918368
1I93YiKgu2P5pwprWmziPI,2,0,0.5467132505175983
4OFDoLXwsOTG3XpQIwm31n,3,0,0.14705882352941177
017PF4Q3l4DBUiWoXk4OWT,4,1,0.3984487518799045
3sITSLYWVirVIeYQi6BGnR,4,0,0.479485289001732
1No2CqopteR18XVL4RJHNO,4,0,0.37028614939320664
4jbmgIyjGoXjY01XxatOx6,1,1,0.8174445959765211
29gsi1zZrZxdStACmTQB0Z,2,1,0.7834233730750123
0hquQWY3xvYqN4qtiquniF,0,1,0.7036512636170223
5gLAzsggXSYANkyhByrPhj,1,0,0.4442731949057519
5KONnBIQ9LqCxyeSPin26k,4,1,0.44694718179850784
60nZcImufyMA1MKQY3dcCH,0,1,0.726244848049863
3Klyjz0u1mHmE8n1x0PA6N,3,0,0.4532240756999317
5odlY52u43F5BjByhxg7wg,3,1,0.501360544217687
2uvCz2eDTuFbtqfOThHNVZ,0,0,0.15746318915761026
10xuH52YSXHWFwCaF1fsDd,0,1,0.6928970702440012
5sO3dlWR9R6ZsBful1axop,0,0,0.24596069106940824
3k3NWokhRRkEPhCzPmV8TW,0,1,0.31504981454962294
0rFZaQ4crlGAzuCjWCQ2xu,3,1,0.7463037634408601
1kAqJ6mrYgpG2DTybn2RG4,3,0,0.11896628993717917
4wFUdSCer8bdQsrp1M90sa,2,1,0.6025023315541049
100fEZFV7ONBO7DwB4xTqa,1,0,0.27603846464490056
6SpVp6ttad3XJOsjKBZwaq,1,0,0.5181063843889165
0s4vH44Dc6VwPdmW2k6YXR,1,0,0.13438090526145186
5TqBAOIBe0bQA0spNdcG3k,1,1,0.6649986426174234
0bHA8LApeZHv7ZlhVUWg8X,0,0,0.31874635108664134
2Auzo2tKwP2fIQPKBZ11s0,1,0,0.4217515241995691
22oEJW6r2rMb9z4IntfyEa,4,1,0.5684188674284555
1j8z4TTjJ1YOdoFEDwJTQa,0,1,0.7787198453507379
3j6CeoBBlm40Msn1JE1SPD,1,1,0.7317442520545568
7nUflbCfoSFYiBOGH5D81R,2,0,0.6480067064083458
2foGtJpz3PDELLCWu2gCe3,3,0,0.07878787878787878
6XFKj43f1HnKnfKmuPtBfG,3,0,0.37926281623760616
0JzsS9y8MA3rtDwyyYbFr7,3,0,0.45959079283887466
65VKOL7hGP4CRV6TdWjtLT,1,0,0.2856233739682718
4B0JvthVoAAuygILe3n4Bs,4,1,0.7454928672932025
6xyJHp3nAJGOc2Xy7ACsg1,2,0,0.6252705627705627
5tckzAI9BAU2GK5iYHPpjz,3,0,0.17973856209150327
2Gyc6e2cLxA5hoX1NOvYnU,0,1,0.7153023326921578
5KodOrv9iFso1iYp82eVhF,0,0,0.22474534931354917
6vNfvtQwB8eGn3DnSXyk9N,2,0,0.2834556747600226
5NxOosmXq5McWniefCbprW,1,0,0.7938161854753994
56sxN1yKg1dgOZXBcAHkJG,1,1,0.5309553921577633
273dCMFseLcVsoSWx59IoE,4,1,0.7455643368744472
7BKLCZ1jbUBVqRi2FVlTVw,3,1,0.7149636433218522
2sATwoh0uEuNziKfgqjrjL,3,0,0.5139636530940879
0BMTvBsRQfJLNfW0GYPZ1B,4,0,0.1275794850448772
6gTJaPuj8DT8RjuDJyBgzP,0,1,0.35060635734851436
4z7gh3aIZV9arbL9jJSc5J,3,1,0.44845049130763415
4roDTLs05yU9RpSBqwfKQ3,3,0,0.37437641723356
3V6ktv9W5fdOCmmEnYYZaH,3,0,0.6554724429899745
4q0OK0HRaLd2Wzz23GeApJ,0,0,0.25506953965204
7edN1zsBhEfrO2OJhhIPw4,4,0,0.24160025830022983
2lEeh87BISbHK5XjsMlCiq,3,0,0.22040579227935977
1Slwb6dOYkBlWal1PGtnNg,0,1,0.610335483053387
0NXdEilH0yJc3HOODuMIEL,1,0,0.17006271033593123
3yII7UwgLF6K5zW3xad3MP,4,1,0.7374304571152854
4tYFy8ALRjIZvnvSLw5lxN,2,1,0.8620218579234974
488HG8lR11JswT2YgcWGRB,1,0,0.5411459351707605
6sZQyx63X4cUvXV7Uw1YBw,1,0,0.3681235610682703
3c8QXE2NQBVrtMSTXAofor,1,0,0.36908704691949973
5gcHwKLoaEmZqaj5p8y6W2,1,0,0.18361545492491257
6oeLRk6L06XqWiP2830u90,4,0,0.1640272671260003
1vPMo827Rf7HQbS49ncYxy,0,0,0.32367888304790565
2GjMaJ7DacMIkgoe8oMXGg,1,1,0.4867765064938249
5pyVqlqThcxI7tPDjHIzPh,1,1,0.43271343990035976
3PfIrDoz19wz7qK7tYeu62,4,1,0.424637679572486
3leU60CmDPdaQr6AAzZfaf,4,0,0.1047670975988322
2tpWsVSb9UEmDRxAl1zhX1,2,1,0.4129830917874396
2UMeGWmUri9RVpmckPV9Jt,0,0,0.36682999235355185
0VeY09ocN1OPvmvKrRd5q3,3,0,0.6720248049052397
6Ozt2lFtENwNEkdTygR6k7,3,0,0.1140819964349376
2Kh9rsAMKERCnPa9nRMxKv,2,0,0.6983313817330211
7bBvrOOwK8xLCziAyTD7Mo,1,0,0.40758657905201257
0t7fVeEJxO2Xi4H2K5Svc9,2,1,0.5911719233147804
1uTMc2fWzwpGjH498FMrQT,4,0,0.21799727831886792
2GxrNKugF82CnoRFbQfzPf,2,1,0.9166666666666666
0PDUDa38GO8lMxLCRc4lL1,0,1,0.12946390639844244
6j9iyrrmqWlQZ5SD1hSTaq,0,1,0.4231976450302124
2tDo8TqJfrQGwtUHxRXP7A,2,0,0.49154040404040406
4DSmjbIBldQ2oeq178I5Du,1,0,0.4925876853185957
4FdPnT2cFrpWCmWZd7GXc3,4,1,0.665090065752009
6KBYefIoo7KydImq1uUQlL,4,1,0.6841286546559612
4wFjTWCunQFKtukqrNijEt,4,1,0.6758593509899621
7GgWAITsYJaRM3r50rfh5w,2,1,0.3371913580246913
4X5f3vT8MRuXF68pfjNte5,0,1,0.7465159000188778
4cluDES4hQEUhmXj6TXkSo,2,1,0.6196750109793588
0q75NwOoFiARAVp4EXU4Bs,0,1,0.7671715489218597
5A6BJLZArq1MPjsnmcuk5f,4,1,0.5705447333625834
5QDLhrAOJJdNAmCTJ8xMyW,0,1,0.7308191897857658
4ADNavlMOA9rx9hKw51PCW,4,0,0.6953044227369426
645og273nQFbY3Tmc1twSR,4,0,0.4813096862116925
0Dc7J9VPV4eOInoxUiZrsL,1,1,0.7402141789984865
18vFT7KICrGAJB0BiK0HPn,1,0,0.609000946896799
1Ip2m42GTwiaG20hW7dtuZ,0,0,0.5526269809371644
2V65y3PX4DkRhy1djlxd9p,3,1,0.5435525826830174
3j1xkzTW8owIphkWV51V9s,4,1,0.7337242887683676
2tHwzyyOLoWSFqYNjeVMzj,1,1,0.7674901344658501
4detZaj6qfObdW7h9cHnFz,1,0,0.16092491972985634
3BFXgZr628FqwDP3pQCgvk,3,0,0.4171114599686028
5BrTUo0xP1wKXLJWUaGFtk,3,1,0.8156759906759907
1LoriJC05IrHIDwj3q0KC1,4,1,0.453636030388564
4LfkoDOt4mhrbo8Ndk37sQ,0,1,0.8705089109419659
0XdGQteo5INHpsDoncsDDq,0,0,0.06994172550952518
0DiDStADDVh3SvAsoJAFMk,3,1,0.6720248049052397
35mbcaHv0tGU3LksXeLMKM,3,0,0.23953217650696643
7JJmb5XwzOO8jgpou264Ml,1,1,0.6700003959607166
5qxPabNDnJQ551Tf4v6k3j,4,1,0.34279836178866047
6BtmXhTJMM9sBTHeYYASGz,3,1,0.36613756613756615
23pL9muwrxg6ZZTp0oErBL,2,0,0.44830246913580246
3qV6M1cI4McX7xSLzLQa3H,0,0,0.31994559997610256
6vt0I1cw1YmAIKDJvHVIM5,1,1,0.8320666947220404
3NVO7DaMPP3RZEi8ilyvW5,2,0,0.699666645780947
2Zo1PcszsT9WQ0ANntJbID,1,1,0.6572916484619121
5DytoQiHZs79ksP2Re1RmZ,2,0,0.23314535046004917
3xkHsmpQCBMytMJNiDf3Ii,0,1,0.4267044810883942
6SwRhMLwNqEi6alNPVG00n,0,1,0.7980203371362388
6Vpxd1nbOBGlXPDkQX640E,4,0,0.5063735747471626
6RtPijgfPKROxEzTHNRiDp,0,1,0.7518975344467741
7cSgDrUh6ZAv25JgOPlyOB,0,0,0.6034974302068657
4XkmtOHgvRbINOOctmsX3M,0,0,0.3800556569565013
7AZfvK2OPF21vBJDmTdn8p,2,0,0.2569444444444444
09qyIW5B7MuNUxQnDIZfVG,1,0,0.3903859124054156
7AaF6tFXgW779oBVBsyjw2,1,0,0.5682615768838833
1CDBn2Lm7E63XKQDsdCq6O,1,1,0.8277463185719819
6uBhi9gBXWjanegOb2Phh0,1,1,0.4048205669843606
5z0Wa1EiCoaUafx83WszRY,0,0,0.34088811769447425
6D8y7Bck8h11byRY88Pt2z,4,1,0.7683466647801076
2SWqkpJmHPnLFaEf4HW7xr,2,0,0.2606074481074481
0jdny0dhgjUwoIp5GkqEaA,1,1,0.35390489874703185
3N18UD3tL8TPKsiUWN9YRR,1,0,0.43088904782640297
0QBzMgT7NIeoCYy3sJCof1,1,1,0.7245241839913726
7cccb7pKQqOP9JntsWokzA,2,0,0.731962481962482
7gwLQ4tZ5UdZ7qNcDyJ8wr,3,1,0.7825320512820513
3yOlyBJuViE2YSGn3nVE1K,1,1,0.8451075458462372
2s1sdSqGcKxpPr5lCl7jAV,3,1,0.6436238719820809
6BcJ2cGaF5tm99srYCOjfX,1,0,0.35591850789087703
33aow0AcXYvT1FoWNzMcqN,0,1,0.8703519502416336
0n26pelcG2JrPeIhuA7YNh,2,0,0.4804292929292929
4Dvkj6JhhA12EX05fT7y2e,0,1,0.48510134892918044
5os4iDInR4chqaCdXi895k,2,0,0.4271083854417188
6fLl1Lyamq6gZtJy6P6p4p,2,0,0.2222222222222222
5IyRSZy0R7UdweNISjf5qS,0,0,0.28693059144192534
4e4fqjx0Izh4svvTef1z7e,3,1,0.6919793715294973
0mW58kig39aueBh99f6yGz,4,0,0.25161176556396
3KwwE4sgCzMaKWq6QBebmX,0,1,0.8461732027298803
3TlvxWnRN53CjcDmGKCEkH,4,0,0.5368231297617841
55h7vJchibLdUkxdlX3fK7,2,1,0.626010101010101
72TFWvU3wUYdUuxejTTIzt,0,1,0.7522258451827112
6VjruEUTeIg64bWT5vcVa1,0,0,0.16558256121579107
6NFyWDv5CjfwuzoCkw47Xf,4,1,0.608773515336507
7m9yPkhvTfTlYEf0whUrNb,2,0,0.27469135802469136
6Uj1ctrBOjOas8xZXGqKk4,0,1,0.7471972884660999
55n9yjI6qqXh5F2mYvUc2y,1,1,0.5771283412108525
52PiyZoav11ZSAoHPqSlzh,2,0,0.6252705627705627
3G6hD9B2ZHOsgf4WfNu7X1,0,1,0.4765326948257293
3vlu7Y9U9HXxqSmQecmKhZ,0,0,0.714481868680644
4M7aciOBSbGnh1bN3YbuS0,3,1,0.6720248049052397
3QdIqc6wkjB9yi5rSZCIZt,3,0,0.20196078431372552
0EoJCSeuAq9Ilw2AesTBUu,0,0,0.698213183972895
5jE48hhRu8E6zBDPRSkEq7,0,1,0.8220655670004873
1iyXU0LHY9Irw7oohGf7hb,1,0,0.21063416528353832
6BiHk2V58JF1kFC9Tmd8A8,0,0,0.41144974605656626
1kWAhf2TJPkpiSgTnp8Ure,0,0,0.7000197500460108
2Fxmhks0bxGSBdJ92vM42m,4,1,0.4201149944665266
29ENMAdmNy0byJdF21AhGa,1,0,0.4743229857458802
6qJpNazUWvk1AIJgUcEc78,3,0,0.7379946147399205
1dE8Mq801cWJcCS23zPZWY,0,0,0.27558692253793854
4hQ6UGyWQIGJmHSo0J88JW,4,1,0.6020878302391562
4BhKsrfLowNbN7F3JVhI8i,1,0,0.5403566372542606
6TwfdLbaxTKzQi3AgsZNzx,3,1,0.5431084393037541
3NJG6vMH1ZsectZkocMEm0,1,1,0.6760696788499784
5sjzuV5VngL4KmhYCf8ic3,3,0,0.1925133689839572
66cHMCKOLn2fyAjGjFBAmZ,1,0,0.565803916853285
4aHbJ31mNdQ00X3VVT48YT,2,0,0.35694444444444445
0mWKj5e39wq9aXDvK52Bhh,4,0,0.4111053997809913
4YSDzX9bIQDwkBqFfYL9wI,4,0,0.31305419026010695
