spt_id,is_bb,p_audio
1XxRYmDKuABtbtCozx3pA2,0,0.5555555820465088
4QeXQ6EfI0rCsZEoDS7NtF,0,0.5283018946647644
2zfbxpGbjwck72JXOdBonZ,0,0.3076923191547394
7qzTaf38OEZCANIgYAz1sM,0,0.20000000298023224
70eFcWOvlMObDhURTqT4Fv,1,0.6734693646430969
1Qrg8KqiBpW07V7PNxwwwL,1,0.30434781312942505
16Ah4QqH4mgYVXqfC4mdSd,1,0.6734693646430969
2XHzzp1j4IfTNp1FTn7YFg,1,0.7021276354789734
2UVbBKQOdFAekPTRsnkzcf,1,0.4461538791656494
1qA9TnEJ2sUub9QkN9K3Mv,0,0.6557376980781555
1lnPwGXiXnYwUp0Nd6izON,0,0.6557376980781555
48ANRZNlUoBElQztu4hv3I,0,0.6734693646430969
0fgZUSa7D7aVvv3GfO0A1n,1,0.8275862336158752
0dt4CRRsWhEsgkgYNWMsh5,0,0.36000001430511475
1Iq8oo9XkmmvCQiGOfORiz,1,0.5128205418586731
5G9EDMCULzocrXh59ziW2s,0,0.09090909361839294
22vgEDb5hykfaTwLuskFGD,1,0.8333333134651184
0SKbj3NTkGFS76OkFmAw0u,0,0.1764705926179886
0kDUotOdrONmWJGPMyYFh1,0,0.0
5ujS2PWCJsJaMdM7E5AYS1,0,0.4461538791656494
6Up545NUflOiXo8cEraH49,1,0.5283018946647644
2xLOMHjkOK8nzxJ4r6yOKR,1,0.8275862336158752
20ba46kBOIncnWcrUAPyYI,0,0.0
4RYA2iXLysm9tB5RgzFVze,0,0.2777777910232544
3rosTvZ4MAbOAzNbbEp6Ha,0,0.7021276354789734
4pkb8SbRGeHAvdb87v9rpf,1,0.1764705926179886
5Es5pG548uc04wSlpBKlUN,0,0.4461538791656494
1kPpge9JDLpcj15qgrPbYX,1,0.4615384638309479
48GBbQiTSlXX5i0cn3iIiJ,0,0.8269230723381042
7BHEi0cFs6TVNFDvbBrAjz,0,0.6315789222717285
5BdrLgr97sT2gq0oI5fd1c,0,0.38461539149284363
39C3SOi6UMD9rHeXAQPNa9,0,0.6285714507102966
12eMQUn2GzfsfsQLH53M19,1,0.7323943376541138
6HZ9VeI5IRFCNQLXhpF4bq,1,0.5283018946647644
3PntTOqdd3qb6bojI3CVaN,0,0.0
2Z8WuEywRWYTKe1NybPQEW,1,0.75
2BT16kSveTFhwmsdqjWxjm,0,0.10000000149011612
6RRNNciQGZEXnqk8SQ9yv5,1,0.7021276354789734
48RrDBpOSSl1aLVCalGl5C,1,0.7021276354789734
2TZ9kaTiLewawHZK7yylSC,0,0.5283018946647644
7uzmGiiJyRfuViKKK3lVmR,1,0.3076923191547394
32OlwWuMpZ6b0aN2RZOeMS,1,0.75
0OWZFobGSIW9GrSlQ9C5pc,1,0.2777777910232544
5HJquCkq9Ixq0O8y0dAiIW,0,0.20000000298023224
5dVeOUI43XmZ8Pg0CPifW4,0,0.36000001430511475
1Ist6PR2BZR3n2z2Y5R6S1,1,0.6557376980781555
6ZV9wdnLyCWTra8vnVvz09,0,0.4461538791656494
73f2uSzP92RYlXzITudNzv,0,0.30434781312942505
5G2f63n7IPVPPjfNIGih7Q,1,0.1428571492433548
1mKXFLRA179hdOWQBwUk9e,1,0.8333333134651184
0w1uGsI3cjP7xSX97XrvQo,0,0.4461538791656494
6FxC6j3SQlVsnokxxhAxXN,0,0.6285714507102966
5OUSPcqhYTOzpbXzoEvKim,1,0.5128205418586731
3xVZYkcuWalGudeKl861wb,1,0.36000001430511475
7zVCrzzEJU7u24sbJPXA5W,1,0.5128205418586731
3sYBFUXTv0STUoUINx9Qe8,1,0.8275862336158752
5zFglKYiknIxks8geR8rcL,1,0.75
1dekgAFF9uTCqLsklDaCWb,0,0.0
0BCy325UZyR9z0t0uxwn2N,1,0.5283018946647644
7rL602DQps4QmrrjbinLzP,0,0.20000000298023224
3sf3UltkA8AYsYOgpSYP5l,0,0.75
0l0CvurVUrr2w3Jj1hOVFc,1,0.6285714507102966
5Zb6THrh1D6xUXkrrCYan4,0,0.4285714328289032
5DBjfRTOu395Fr5o7RTA0H,0,0.1764705926179886
61waVybdmiALy94UNU5M6s,0,0.6734693646430969
2tpfxAXiI52znho4WE3XFA,1,0.7323943376541138
6Nc5QI0ODERfwrJDZECoe7,0,0.6557376980781555
6fxVffaTuwjgEk5h9QyRjy,1,0.5283018946647644
2TuKKkNajalhwhGPzAqH9m,0,0.5
2ihCaVdNZmnHZWt0fvAM7B,1,0.6557376980781555
4sqK3chS8d96laonwg2xVq,0,0.3076923191547394
0HFoJSIbneK6QWLnPJjML2,0,0.1764705926179886
27tNWlhdAryQY04Gb2ZhUI,1,0.7323943376541138
5NQbUaeTEOGdD6hHcre0dZ,1,0.3461538553237915
1IA65F2uYuqeaEVx0Hjjfe,0,0.09090909361839294
7uokjCoYFxSdgcq53GNWhJ,0,0.4461538791656494
6609cCUb8ayZkTUvkJ03Rm,0,0.5283018946647644
6g6A7qNhTfUgOSH7ROOxTD,1,0.6557376980781555
2EEeOnHehOozLq4aS0n6SL,1,0.7323943376541138
0tgVpDi06FyKpA1z0VMD4v,1,0.6285714507102966
15C4TnrrVdym7UykxQIOTZ,1,0.7021276354789734
5mHdCZtVyb4DcJw8799hZp,1,0.5384615659713745
7hZtfayYQukFySbj746HJL,0,0.4461538791656494
4FlTbvKgYXQQoZcuPMhhyp,0,0.4285714328289032
5YqEzk3C5c3UZ1D5fJUlXA,1,0.5714285969734192
5VSgSktetufsSWNfoscbvq,0,0.0
04HywTwgGtbATUROKD5Ata,0,0.5128205418586731
62aP9fBQKYKxi7PDXwcUAS,1,0.5128205418586731
1j5uMKcBWSaJHFLRCCpCKQ,0,0.36000001430511475
56orvDKaaL0lWllCuTqMED,0,0.6557376980781555
6dyMer5WZ2hpIKNbb9fa1T,0,0.6875
2T0dh7hiBM73mEFwUGSqMQ,0,0.6285714507102966
1gihuPhrLraKYrJMAEONyc,1,0.5833333134651184
2zt7BAfxMaQmuDYebTfqtb,0,0.3076923191547394
7KokYm8cMIXCsGVmUvKtqf,1,0.6557376980781555
5MEYDJVJMaGAXfddTo0D6J,1,0.6734693646430969
6YUTL4dYpB9xZO5qExPf05,1,0.5283018946647644
6V1bu6o1Yo5ZXnsCJU8Ovk,1,0.8333333134651184
1YlOZY3puELE0PgxD1enZo,0,0.7323943376541138
1Rw3HZkVVR0MjEVIH8hgLo,0,0.6734693646430969
41Fflg7qHiVOD6dEPvsCzO,1,0.8269230723381042
18s2VXUFA8RmEPFtkgRJJK,0,0.0
315lUcWQbGT0IH21ukBWlh,0,0.0
2xsAm4w9P3kSF1DophKAiF,1,0.4461538791656494
13yWzrXrEtiAvQzo0ZgHYA,0,0.09090909361839294
2plbrEY59IikOBgBGLjaoe,1,0.4285714328289032
0mBKv9DkYfQHjdMcw2jdyI,0,0.6875
5jQI2r1RdgtuT8S3iG8zFC,1,0.5128205418586731
35BAwUMAhz3P5FTbQRBmZI,0,0.09090909361839294
2LEF1A8DOZ9wRYikWgVlZ8,1,0.6315789222717285
515OfuSUlr2igB70C83M13,0,0.4461538791656494
2iESiCRjb0axMYi1bZkGbi,0,0.6734693646430969
6Ld8WXbMN3g8s5lbmyG0uH,0,0.10000000149011612
3lSDIJ2abCrOdDJ6pshUap,1,0.7323943376541138
36meE3FrlfHJmc1Yi37JQx,0,0.20000000298023224
5nmHl233yo8XJvaNfdKAWU,0,0.3461538553237915
1wjoepBCP3UGg8iOVic3nn,0,0.09090909361839294
7nD9nN3jord9wWcfW3Gkcm,1,0.8269230723381042
1HFfMOxCAT4GAwaPfCdmUs,1,0.625
1DzRqP1kaRcdAbbuA93PFw,0,0.3461538553237915
0ivSICeARK2xi8iRvHeVAd,0,0.36000001430511475
43zdsphuZLzwA9k4DJhU0I,1,0.36000001430511475
5w1vhNA2OEWUQ371QzyMmM,1,0.6734693646430969
5O2P9iiztwhomNh8xkR9lJ,1,0.6875
7e44z4wOjkllaD8eulUeMd,1,0.8333333134651184
4Ce37cRWvM1vIGGynKcs22,0,0.8269230723381042
0M9ydKzuF3oZTfYYPfaGX1,1,0.4461538791656494
3EO58D1YpHnTvBy68gK8HE,1,0.5283018946647644
6dbSBQXCctYSVryynHXaZ4,1,0.75
36pLU2ywVeBKEF0rrKtmCB,1,0.7021276354789734
2gwkD6igEhQbDQegRCcdoB,1,0.4615384638309479
199ay7SDkskvNFylhPPMYU,0,0.5128205418586731
6FZDfxM3a3UCqtzo5pxSLZ,1,0.8275862336158752
7kmljzcVVr6Phj1IL27AVc,0,0.0833333358168602
2k1PUdpVQbeJYSkQm50zLO,0,0.0
4urcG6Nfubqsuqy3juMjBi,1,1.0
4q6dqyGM25sKFU8nYAGRe4,1,0.75
72jFoOulGip53D9qZWMvi2,0,0.3076923191547394
4P0osvTXoSYZZC2n8IFH3c,1,0.75
7lidXGPXPYLNThITAOTlkK,1,0.5555555820465088
3By9IFm4E2BvKQygT04O8g,0,0.7323943376541138
4pCaeoKmsr85fn8THb0Jnc,0,0.6285714507102966
1fXV02Qh6002zRidAcjFOg,0,0.20000000298023224
0VDmMjl5LuQUaMGdSCesnt,0,0.5384615659713745
7vu0JkJh0ldukEYbTVcqd0,1,0.75
7qiZfU4dY1lWllzX7mPBI3,1,0.8269230723381042
4iZ4pt7kvcaH6Yo8UoZ4s2,1,0.6734693646430969
4E63weMCaNZuGPEFMnuEi8,1,0.6734693646430969
7MGCdXA9hghopcTiSmYFus,0,0.0
4kbj5MwxO1bq9wjT5g9HaA,1,0.4615384638309479
2toVe5hfuIi97ytDPDbQFt,1,0.8333333134651184
51mwvxRXUktJYBXqq9uXuo,0,0.6285714507102966
0fYVliAYKHuPmECRs1pbRf,1,0.09090909361839294
2y4lAQpi5VTNLu2ldeTdUH,1,0.6875
2Yl4OmDby9iitgNWZPwxkd,1,1.0
2ljBzSWN7BhubXwqbdtE8e,0,0.0
2wSTnntOPRi7aQneobFtU4,1,0.8269230723381042
5eCkuGPZNl4mISFNPgr3Dd,1,0.5283018946647644
3xbxh3LW9v6E3wn1AwUJfe,0,0.30434781312942505
0yPWj2trBQazAUasaLmqbU,0,0.1428571492433548
0RdeBuehFZDqizsfbFQxUi,0,0.2777777910232544
2T23r4De9TGsNRF4u7tU8p,0,0.6557376980781555
18XfhVkjMrvih7OywxBeOz,0,0.09090909361839294
12N5hUETprhgb2zeWAzUkS,0,0.6557376980781555
2uXlHCUbq9OMUwx3hrk06o,1,0.4461538791656494
5YEOzOojehCqxGQCcQiyR4,1,0.3076923191547394
22mek4IiqubGD9ctzxc69s,1,0.5
6hkjKixSrlQurLqgc9RSGx,0,0.5283018946647644
5ho8oss55EBoevEvhlrCo2,0,0.0
1xzBco0xcoJEDXktl7Jxrr,1,0.5833333134651184
6to111eRsvoClVL7d9BRfa,0,0.3076923191547394
4C6Uex2ILwJi9sZXRdmqXp,1,0.4461538791656494
1diS6nkxMQc3wwC4G1j0bh,1,0.7021276354789734
2pIkKOkz4HiXNza1xfSBEo,0,0.3333333432674408
3BEG90ffpOk0TO8PTEA4AT,0,0.3076923191547394
1rDVaaK71S83I9cpQR2aKl,0,0.0
7d4CKDt1av9NE0be9bugWW,0,0.0
63gUTDYyGuFbNdpJmMMX9I,0,0.3076923191547394
6eBpGavikKcTF89k0qfw0P,0,0.0833333358168602
4Pdaly89XS1AQV1QARV0yK,0,0.36000001430511475
3g7srauXB5IBwGV0menlIB,0,0.20000000298023224
6r0ZHBrnN30QZiO2r5vc5i,0,0.09090909361839294
5mueyPaJsGl0bGiZSu1z0e,0,0.625
5rQ99yGrZePB0cfdhP2yTi,0,0.36000001430511475
2QZ7WLBE8h2y1Y5Fb8RYbH,1,0.7323943376541138
6E11E0lT5Zy7yb6iT3y8DN,1,0.7021276354789734
1wfZdPy5FRWsdWaAEOG0Ml,0,0.3461538553237915
76hfruVvmfQbw0eYn1nmeC,1,0.8269230723381042
3QaPy1KgI7nu9FJEQUgn6h,1,0.3333333432674408
0sHc1EEeOnmgjP6QmsR7px,0,0.7323943376541138
07MDkzWARZaLEdKxo6yArG,1,0.625
5O5OavctuO9wnt7smmAQku,0,0.6285714507102966
6BORJ0ZazxMBpM3cWg79Id,0,0.0
2kalDCDKHDOCGoawOg9xIo,0,0.4615384638309479
12K4heaHk5aHqb2LDv8gC1,0,0.5128205418586731
4hPpVbbakQNv8YTHYaOJP4,0,0.7323943376541138
5CXnIPD6rTjszYYQm6fY2P,1,0.5283018946647644
5oIVNm56t6OIf9ZjdEG3ud,0,0.3076923191547394
5UfuygJfTKp2dGtWDWOLvg,0,0.4000000059604645
6s9ICeczYOfbHHIaSMq9jd,1,0.5283018946647644
0V3wPSX9ygBnCm8psDIegu,1,0.6557376980781555
1VjaZbooaWkntfBLoH6Tb8,0,0.8333333134651184
5UXiVaP9ngjUGyj32SeOy7,0,0.7323943376541138
1qEmFfgcLObUfQm0j1W2CK,1,0.6734693646430969
7IYZNVEseDwrWbKe1n0X4j,0,0.5555555820465088
4NWctT5ACNTPJadWyJKSWo,0,0.7323943376541138
37BzQ6nCVvtjtRN0142zge,0,0.5384615659713745
4mtmmBBEgdJLYWnLy5zvWE,1,0.5384615659713745
5FljCWR0cys07PQ9277GTz,1,0.6557376980781555
2E43WFS4rRc09za2r2GmZl,1,0.4461538791656494
2K87XMYnUMqLcX3zvtAF4G,1,0.6875
76VtA90NKurNqaQpV126Ue,1,0.6285714507102966
0E0xCeOBQRSkbABuLVOR4F,0,0.7323943376541138
29SvTTSIa1hdulOzztjBDw,0,0.3333333432674408
7dJYggqjKo71KI9sLzqCs8,1,0.6734693646430969
00PmVuzpGbFDLVZbPhPEUT,0,0.7021276354789734
58w5J5yNWeGZ7a4cM1rO7Y,1,0.7021276354789734
32l3HV3vwkoVjagjLGdJll,0,0.36000001430511475
6PCUP3dWmTjcTtXY02oFdT,1,0.5833333134651184
0h6X7BCq7IYKHNoXln3LX3,0,0.0
6vQzDYRYwVv3YQIaeMmT7N,0,0.1428571492433548
34yAAS72vZUXvsQPHGZexE,0,0.6285714507102966
629DixmZGHc7ILtEntuiWE,1,0.10000000149011612
29JrmE89KgRyCxBIzq2Ocw,1,0.8888888955116272
1X1DWw2pcNZ8zSub3uhlNz,1,0.3461538553237915
6fm1wV6DlN5d7C3UC5hdOX,0,0.36000001430511475
4eWQlBRaTjPPUlzacqEeoQ,1,0.7323943376541138
66t7utfP4M3sQJX0fw81q4,0,0.3333333432674408
0AgeQpRVvKKHQr5RxImIA3,0,0.0
0WNfQxDGaPTl0yogcMR5v1,1,0.6875
4qwSAMwROvCd8QMCwZl7GO,0,0.36000001430511475
1ebc9N7CRDuLAyoPKYbAPx,0,0.1428571492433548
1OFgEELgwfTOt3WcBuOPxk,0,0.6557376980781555
6wf7Yu7cxBSPrRlWeSeK0Q,1,0.3333333432674408
3Vr3zh0r7ALn8VLqCiRR10,1,0.6285714507102966
4fouWK6XVHhzl78KzQ1UjL,1,0.6285714507102966
5fC5FVZx30t7ZMGdcdyigc,0,0.0
62PaSfnXSMyLshYJrlTuL3,1,0.4285714328289032
3Cmk8tpw16p5KKnvN1HTgB,0,0.3461538553237915
3BxsBcF3pnwOq69VZuEI5N,0,0.3076923191547394
4MQfntyMKsALV9J4ht9BEq,0,0.6285714507102966
7wHyS43lEqEMFxAjTcpARd,0,0.4461538791656494
0SuLAslEMFZAXf0SwY7syi,1,0.75
6O33G75ykzQi3JZfQByc3t,0,0.5283018946647644
588MPhMBqTP1IdOYPRGmZW,0,0.30434781312942505
76cy1WJvNGJTj78UqeA5zr,1,1.0
13ZsCa2muiXhSgfz4J1LDg,0,0.5
4VVfzoh8MuGWLIpcF8vB1O,0,0.4461538791656494
72GVdRHK49beKrC1NqRCqj,1,0.75
4lDOGXgNqQZqEPA9nonR6t,0,0.30434781312942505
1o1Pny4JcE3LdUBeBedbm6,1,0.75
2DbDefRFJ5YOfXCKOeCJJh,0,0.6734693646430969
7o1Pm9jpH0wFpN5g793Lnq,1,0.6875
6vIi1fDLoB0cXdUqcZ6QRi,0,0.1764705926179886
6i0V12jOa3mr6uu4WYhUBr,1,0.5714285969734192
4PMqSO5qyjpvzhlLI5GnID,1,0.5283018946647644
1LJHaEviO17R5ayPKb0Qb6,0,0.3333333432674408
5cF0dROlMOK5uNZtivgu50,1,0.8269230723381042
19kUPdKTp85q9RZNwaXM15,1,0.6557376980781555
2KYRuoSR708PWRDaj2SZaa,0,0.10000000149011612
1gtujMFECzLtqLO7WdN1s5,0,0.3571428656578064
2uvkKq5fVKoI8AMUyB7Lt8,0,0.5283018946647644
1p80LdxRV74UKvL8gnD7ky,1,1.0
3Vo4wInECJQuz9BIBMOu8i,1,0.6875
1eUvaf8Z4P2kU6flnFIzzD,0,0.2777777910232544
4e6ZN0EcEqYx74BTC5xQzy,1,0.5128205418586731
7oGZAicScQt96OAW4AruYy,1,1.0
79R3qLqdbwUSYWX4cEOpbJ,0,0.6734693646430969
7c1Gt8oLIsVgKHnekswmw2,0,0.0833333358168602
05SBRd4fXgn8FX7bf8BCAE,1,0.6734693646430969
1eQZUmC4ZBYHvOOyl1JkN5,0,0.3076923191547394
0hL8yBivUahlm1rhQ1a0Xx,0,0.5128205418586731
21QQ5b9PP7GnWl2GI98kjD,0,0.0
0bILU0UiNDmA5Ff6whhb2R,1,0.5128205418586731
2ig2xQfH9n76wdgAipnD5i,0,0.8275862336158752
5QYATXoAhM9FsBv9ZdbQ4i,0,0.3461538553237915
2aQwdBWk4vSPWk1Csgtzdo,0,0.6734693646430969
6LoQHIo74tOzQ8EsLEkhgF,1,0.7021276354789734
25CA8QVJQrh5R05UUCaODM,1,0.6875
4V8UAYs096q62PGVQuudbw,0,0.8275862336158752
3ON6Y6KAlNjOyj4wEquCRz,0,0.6557376980781555
4XNrMwGx1SqP01sqkGTDmo,1,0.75
32XaqPVTVkkuOiOPQZ3SpA,0,0.1428571492433548
5g3h8gCrJwDABVoDZl69yt,0,0.0
6uHcXmNcm6qU1h5yVKTY58,0,0.8888888955116272
1KxwZYyzWNyZSRyErj2ojT,1,0.4615384638309479
1WbYFNSUNn9fP1x0Z5DU95,0,0.4285714328289032
1TwLKNsCnhi1HxbIi4bAW0,1,0.6734693646430969
6Uy6K3KdmUdAfelUp0SeXn,1,0.6557376980781555
4kZlcEXnP90soPZLc85aBK,0,0.30434781312942505
07KXEDMj78x68D884wgVEm,1,0.8333333134651184
3LlAyCYU26dvFZBDUIMb7a,1,0.4461538791656494
24LS4lQShWyixJ0ZrJXfJ5,1,0.5283018946647644
6I3mqTwhRpn34SLVafSH7G,1,0.5128205418586731
65cv0OI9HmwR4EmN6CWucM,0,0.3461538553237915
1tyfx8Ia1nTgpujgKFugss,0,0.0
5e1F4YZGMOWg8ROXZyJfAA,0,0.2777777910232544
3FBisbTYZcpmPPAjnXE7w9,0,0.5555555820465088
75lo8VozcCLRG9WGG674iD,1,0.6557376980781555
4jL6WWKFDqCOPo2hC3VhSS,1,0.3461538553237915
1BllALFzMck8VAezqbpoKV,0,0.38461539149284363
0Dsga1306uOFIDpEoIUsCq,0,0.5283018946647644
0dIoGTQXDh1wVnhIiSyYEa,1,0.6557376980781555
71QRhIccCmaxuDInqIO5xq,0,0.0
16wAOAZ2OkqoIDN7TpChjR,1,0.7021276354789734
2QsgqAZ4SwuipP30znNeof,0,0.1428571492433548
2z1LgCApxLsaB5SNgJTGzX,0,0.3571428656578064
3d32X1JXSXTH32lyK20SkS,0,0.20000000298023224
1XRgIKC5TPwo7nWGyKqgG0,1,1.0
6FB3v4YcR57y4tXFcdxI1E,1,0.6557376980781555
3zHq9ouUJQFQRf3cm1rRLu,1,0.3076923191547394
3oiMJQAWVaxSubJ7b2VUtX,1,0.8275862336158752
6315XlIxnHKvQGA4zpusuV,0,0.0
7jP7iCJ1cXVXYHWIkYtP6d,0,0.4615384638309479
0iWFz0Q5Qha9bx325ocFWq,0,0.7021276354789734
65y06cXpmPD1N9NLhy1Akj,0,0.5128205418586731
6Swa2wkTqv5AzmeptAdn4d,0,0.09090909361839294
0PuUfJ1DgkMCJOeubtz8AA,0,0.6285714507102966
35ovElsgyAtQwYPYnZJECg,1,0.5283018946647644
2QjOHCTQ1Jl3zawyYOpxh6,1,0.1764705926179886
78OdP5DHibfC0n3W9mGxY1,0,0.4615384638309479
0TBgMKD86t1VP3IzhxCoUl,1,0.4461538791656494
6aSwH4whSmRnIZGwjXZS4C,0,0.6557376980781555
4Xx0J00u90QvnG3rwz4Itp,0,0.5
5Oa4jjIe7d4tGsXevIQdrK,0,0.6734693646430969
1DbZAffh8GGwW41Q3AU8iC,1,0.6285714507102966
6I6JOi3mf6q68dE7JxzYUC,0,0.30434781312942505
6JjPBQfI2Y8nIjnm65X6Pw,1,0.8888888955116272
4bsVr6YLbGDzERo8yVCJue,0,0.0
0PvFJmanyNQMseIFrU708S,1,0.75
5MwIGPDKeDb7SpblcaQP6O,1,0.8269230723381042
3vuRYeE3ZV3FbwH6FwgaxJ,0,0.2777777910232544
7K5dzhGda2vRTaAWYI3hrb,1,0.75
4W9XGjEUVG9junR70FOLii,0,0.8269230723381042
6n4U3TlzUGhdSFbUUhTvLP,1,0.8333333134651184
4l0RmWt52FxpVxMNni6i63,1,0.5283018946647644
7MS7rMHWqV5FY0Z7hhpZJh,0,0.0
2hrUO4drrO63i7FYbCLBl2,1,0.6315789222717285
3eQlGeyuSibgAGPEJugaDW,1,0.6734693646430969
6t6oULCRS6hnI7rm0h5gwl,1,0.6734693646430969
6c6WmIHcHlhccEwSFBhzNa,1,0.75
4qikXelSRKvoCqFcHLB2H2,1,0.3076923191547394
7vjfnsnDXZGK4PSq54ISjc,0,0.6875
4xhsWYTOGcal8zt0J161CU,1,0.7323943376541138
1PSBzsahR2AKwLJgx8ehBj,1,0.7323943376541138
6R1ArLLvqPvS3AHg9YgmrQ,0,0.6285714507102966
5tz69p7tJuGPeMGwNTxYuV,1,0.5128205418586731
6EDO9iiTtwNv6waLwa1UUq,1,0.8275862336158752
0heNuib4Sav7wTa7WgpQ49,0,0.1764705926179886
56IU0nuwzC9IKvVuOy1seD,0,0.4461538791656494
1F1qLs8bVuxjI5kE8xOazm,0,0.1764705926179886
40YcuQysJ0KlGQTeGUosTC,1,0.75
0lYBSQXN6rCTvUZvg9S0lU,1,0.6875
2GGMabyHXnJmjY6CXhhB2e,1,0.7021276354789734
60ynsPSSKe6O3sfwRnIBRf,1,0.6285714507102966
6DEaND0SHv3sC11xobZLiy,1,0.6285714507102966
3OzCF9i6Ey7EkkAYJztmKp,1,0.7323943376541138
3j84U36KvLeXNDPv4t5pI8,1,0.5
09IStsImFySgyp0pIQdqAc,1,0.8269230723381042
0Y1MWB026LYxGvhq4EcMiC,1,0.38461539149284363
07kMiv6UkKywlCVimdpxUx,0,0.0833333358168602
5a7NdkF09AfD0H607eiOkX,1,0.7323943376541138
0UAB340gAcSMk3r0a8PTag,0,0.5384615659713745
5S9lfZu1YF8xKkgSsqL2Bd,1,0.38461539149284363
4iQFfCO7ATDe8JizP5QKIM,0,0.0
2ekn2ttSfGqwhhate0LSR0,1,0.7021276354789734
7qCAVkHWZkF44OzOUKf8Cr,1,0.7021276354789734
1rUQmXEy41tXwHIKFECNTa,1,0.7323943376541138
0U3U2BbtXbgPscRIaGWLtJ,0,0.0
6pw1Wu2oPMWzn4oJ4Ppopu,0,0.6734693646430969
5VgYeY1uWRuHRPIt0uz4iA,0,0.7323943376541138
37jTPJgwCCmIGMPB45jrPV,1,0.4461538791656494
2PnOCPd9oZhbLGSzzFf8Ba,0,0.0
0WbMK4wrZ1wFSty9F7FCgu,1,0.7323943376541138
3rmo8F54jFF8OgYsqTxm5d,1,0.6285714507102966
0am001WwFBVGDGLwRh3ixi,1,0.75
6K7tbjweliRGJ2rMT7Aesy,0,0.6315789222717285
1rfofaqEpACxVEHIZBJe6W,1,0.8275862336158752
3NSmC1EQKOdUe6KhMrDDk5,0,0.6557376980781555
1WkMMavIMc4JZ8cfMmxHkI,1,0.7323943376541138
6dOtVTDdiauQNBQEDOtlAB,1,0.0833333358168602
4qQwGRtGT7l6ckQtdPEFd4,1,0.6734693646430969
3cXEhlI2PKHEjDt39I2upA,0,0.6557376980781555
2phNY2bHpAbROCrpAZw2R2,0,0.75
0ltWabjFKp4e1qqS93DI2n,0,0.4461538791656494
6qzJH7vax8R2ywupGjViy2,0,0.09090909361839294
6J5sxraPPZ4b0CVOGAgpXj,1,1.0
4l0Mvzj72xxOpRrp6h8nHi,1,0.3571428656578064
6CThut6kPrjot0pTJOTEer,1,0.3461538553237915
1V3WzyG1pYRlWHtbT5XYH6,0,0.5128205418586731
6vnToAh7RIRYU4XMM2Wir4,0,0.4615384638309479
0QY5rPPBmMZMBVvmDckQhx,0,0.3333333432674408
1PHXS9pkvHwUbRPnA5XyHn,0,0.3333333432674408
3DarAbFujv6eYNliUTyqtz,1,0.6734693646430969
0AS63m1wHv9n4VVRizK6Hc,1,0.7323943376541138
45XhKYRRkyeqoW3teSOkCM,1,0.7323943376541138
4cktbXiXOapiLBMprHFErI,1,0.8333333134651184
4ptlAXjTGJgjrxGQ7EGn4W,0,0.6557376980781555
6KeD9SvXkjmbgKxOT2dy3K,0,0.1764705926179886
3CRDbSIZ4r5MsZ0YwxuEkn,1,0.75
6OhoxQCOlfQaeEyYQ9vHfA,0,0.5283018946647644
1h46YgHBuJqwJ50efAN4yT,0,0.38461539149284363
58q2HKrzhC3ozto2nDdN4z,1,0.6734693646430969
78Du4CMFgnhdlG33gblkiP,1,0.5283018946647644
1ms5tNNdPouTtcD2oVF9Oz,1,0.8269230723381042
3Ws514Z32R5RStEknopqFP,0,0.6557376980781555
0FDzzruyVECATHXKHFs9eJ,1,0.4461538791656494
1McB83bDNHKktZYh6GSSSy,0,0.5
67g3peWMWu7Vbq7aZNe1Ts,0,0.8269230723381042
7COfe3P7KgfwDwIRB8LIDw,1,0.4461538791656494
578Eooad7oUyn4stovZiPg,1,0.6557376980781555
1jMjqKIBm7r94LnsPVHD0z,0,0.0
6Nt8JXqD73iPp1tJLJduaQ,0,0.1764705926179886
6rVuwfysYo1Bp4Hoc4YuE0,1,0.4615384638309479
4YzYSRZTMgVngQP1iL38RI,0,0.75
5R4fsCui16zT31xp9rsRkm,0,0.10000000149011612
7pNC5ZIKtwUK0ReSpM3P9f,1,0.8275862336158752
762DNrRoNdC6IyKWcPY0Vu,0,0.6285714507102966
6irE4Fbjbry3czv7mTxVSB,0,0.7323943376541138
35rSpXB5bk9ega9jsjcRts,1,0.6315789222717285
0YpzP03QziAgqcZSCtjbl2,0,0.4461538791656494
1rqqCSm0Qe4I9rUvWncaom,1,0.36000001430511475
3Z30Gh3iEhTeQiVM47sZLf,0,0.6875
5Xg5bGbWHToIMSsqWxOsej,0,0.30434781312942505
5WvAo7DNuPRmk4APhdPzi8,1,0.3076923191547394
1ahAuX3F6tDdNRfMdiLsv6,1,0.6734693646430969
0KKkJNfGyhkQ5aFogxQAPU,1,1.0
7rKR1MvQKOminlLVUmZhwN,0,0.75
3qhlB30KknSejmIvZZLjOD,1,0.6557376980781555
6JaPUxse2AsI0df7XXvetF,0,0.0
6f5ExP43esnvdKPddwKXJH,1,0.4461538791656494
0rCFRyEy4WXjRXNpO80Dzs,1,0.5128205418586731
5WcAw6NAzt2cMDILhHnySb,0,0.0
2d8JP84HNLKhmd6IYOoupQ,1,0.6875
4bZd0nRuX8HyjeXAUBczvm,1,0.6875
5xzzxWj8a1YBbNZhNLqWuQ,0,0.1764705926179886
5JfzG6442R2JvJXBDfUXZW,0,0.5128205418586731
0SZRWZnSbvPmTVWcOjoQoo,0,0.36000001430511475
3HVWdVOQ0ZA45FuZGSfvns,1,0.7021276354789734
5hRkInDMxslZd6KTkIkNYd,0,0.5283018946647644
2nbzkK3mlo8LWB4t73iloJ,0,0.5555555820465088
6K8qKeWo5MsFED7wCR6Kop,1,0.8269230723381042
6wJwkMo278iWVlWl1XQ4WA,1,0.6557376980781555
1PC0GlgxnHDhqtuUQ7v0LJ,0,0.0
1BZG99C7Co1r6QUC3zaS59,1,0.7021276354789734
6v3KW9xbzN5yKLt9YKDYA2,1,0.8888888955116272
3nB82yGjtbQFSU0JLAwLRH,1,0.2777777910232544
5jsw9uXEGuKyJzs0boZ1bT,1,0.8275862336158752
7IYoh1u7dFM1xIWSEYd5B8,1,0.5384615659713745
0lxCvY5L6XpFWPDH3iq9yx,0,0.0
4UPf2eHnblndIwxepTF0AP,0,0.4615384638309479
3CbPsxgJB53v51wWqcY6oD,0,0.1764705926179886
7q8jJ1XZEliBakZSUMFde5,0,0.6315789222717285
0nJW01T7XtvILxQgC5J7Wh,1,0.5384615659713745
5WaItWNLLLJ2P2AZyrsg9v,0,0.1428571492433548
3B54sVLJ402zGa6Xm4YGNe,1,0.6315789222717285
51ODNNDZm21HU7wI7cccRr,1,0.6734693646430969
4gbVRS8gloEluzf0GzDOFc,1,0.75
4q5YezDOIPcoLr8R81x9qy,1,0.5128205418586731
6rPO02ozF3bM7NnOV4h6s2,1,0.6557376980781555
4Ce37cRWvM1vIGGynKcs22,1,0.7021276354789734
5M8goiFYynmNxhueYW6grR,1,0.3461538553237915
3vv9phIu6Y1vX3jcqaGz5Z,1,0.5
2McT2fkH0VDqPsbiB9HWPq,1,0.5128205418586731
1M4OcYkxAtu3ErzSgDEfoi,1,0.36000001430511475
5Y35SjAfXjjG0sFQ3KOxmm,1,0.30434781312942505
76YkEVUWvMTwZVlxhYG4Mm,0,0.30434781312942505
789CxjEOtO76BVD1A9yJQH,1,0.5283018946647644
1g0pdNC4sLKV0bGBV5ngcW,0,0.1428571492433548
6GsAD8PgHxmEuIPTG8GP3M,1,0.7323943376541138
26rdOwwjC2UnweK3xeS58u,1,0.3461538553237915
6Knv6wdA0luoMUuuoYi2i1,1,0.75
50DKBnjijGJ2d0WV5nqNTS,0,0.5384615659713745
5ya0TmUQw2wHMkq36rPsnd,1,0.09090910106897354
6Qn5zhYkTa37e91HC1D7lb,1,0.75
5qrSlOut2rNAWv3ubArkNy,1,0.3076923191547394
6B1iDt4SJmWFUeC61V4W7S,0,0.4461538791656494
4EKH0ajMHXTkq4ztWuztVH,1,0.3333333432674408
0puf9yIluy9W0vpMEUoAnN,1,0.6315789222717285
5Ut5dDKfBUCMsWQbc3Lgyi,0,0.5283018946647644
2vcyfSrV7QKkxvMMl3EwRv,0,0.5283018946647644
5PUawWFG1oIS2NwEcyHaCr,1,0.4461538791656494
51eSHglvG1RJXtL3qI5trr,1,0.5283018946647644
1qoa9LMGkjuLJuxf8Uy5OI,0,0.1428571492433548
7l4feIUBXoYNfXwUAfeAto,0,0.30434781312942505
2kwqblYAbloVXhyBVcxEw5,0,0.4000000059604645
45Egmo7icyopuzJN0oMEdk,1,0.75
5BJSZocnCeSNeYMj3iVqM7,1,0.6315789222717285
3S0sk6DSTgesXsUSAEHNr5,1,0.7323943376541138
26BY2zbKPBdk6CZZwmuVGr,0,0.30434781312942505
436rdO5fgKVH3HhjA0VyFQ,0,0.3076923191547394
0I6V3NmtIepabp1tg4PUIF,0,0.0
5HxyJa6E8OXdYKKfufrbKE,0,0.5283018946647644
5DzDjQNWih2eZNMeE22atV,0,0.7021276354789734
3bC1ahPIYt1btJzSSEyyrF,1,0.6875
5Wi88A08kr3Y1OZFfgwWtM,0,0.4000000059604645
1eTdTVIxLlhHwwA50vEzZa,0,0.36000001430511475
0HyuVJ4BTlsRo0MrEdBbsS,0,0.1428571492433548
53QF56cjZA9RTuuMZDrSA6,1,0.3571428656578064
35qQhUcOMO33BxV0kW8pQk,0,0.0
2dLLR6qlu5UJ5gk0dKz0h3,1,0.6285714507102966
5maiP9UMnTSgoxPX8X3bdz,1,0.75
0Hf4aIJpsN4Os2f0y0VqWl,1,0.8269230723381042
1mIETcSwoPrJCMpd4gvajs,0,0.20000000298023224
5DPJRKOh4xA5aMCabNSLCS,0,0.6557376980781555
5XLye2xYwqnq1aOFsbP1Ac,0,0.3076923191547394
66hayvUbTotekKU3H4ta1f,1,0.2777777910232544
3w3y8KPTfNeOKPiqUTakBh,1,0.8888888955116272
0uXrbzsugKdlAwxQK2IKD6,0,0.3333333432674408
4MAv7MqIlcaTBHGiUXIWiw,0,0.75
1iTWoKAdilGEmit6xhQZje,0,0.75
5xTtaWoae3wi06K5WfVUUH,1,0.7021276354789734
08ljt6NCNAgewQaMya1URa,1,0.7323943376541138
1TE8AAk9koG0UJco6ZAUfx,1,0.6557376980781555
2bT1PH7Cw3J9p3t7nlXCdh,1,0.7323943376541138
1bDbXMyjaUIooNwFE9wn0N,1,0.4461538791656494
0pqnGHJpmpxLKifKRmU6WP,1,0.75
60wwxj6Dd9NJlirf84wr2c,1,0.4461538791656494
1EAgPzRbK9YmdOESSMUm6P,1,0.7323943376541138
0NAcDFrzFFLYym7hlraGY0,0,0.2777777910232544
5lF0pHbsJ0QqyIrLweHJPW,1,0.7323943376541138
1stZ0ggEGxXvwzIRmMPdO6,0,0.7021276354789734
4reXo2zg1uhEIpUAacDb9C,1,0.1764705926179886
4Oun2ylbjFKMPTiaSbbCih,1,0.8333333134651184
4Fxj5bX8ZlTGw42BIkFwng,0,0.6557376980781555
3USxtqRwSYz57Ewm6wWRMp,1,1.0
1D0PwOIdkVjW7157VR1YOG,0,0.1764705926179886
4uJwQujdAC3c203QHqvwT7,0,0.0
7GJoMiUlL9ZBegGcIpFupA,0,0.6557376980781555
1JdWRS3PBZlSgKcPKcULtr,0,0.1764705926179886
1Nq7YzMnjDHtyqQ09NuLHM,0,0.0
2QtJA4gbwe1AcanB2p21aP,1,0.75
3ZiOxFTHhVWe4ckApB1CJd,0,0.10000000149011612
1vAUsSGNMCjy8nMT7EixHU,0,0.4615384638309479
4t2gJmhZZejXcx67SEtsuh,0,0.3571428656578064
5JiH89mHrv9oWHlD0T326z,0,0.6734693646430969
2bN0VoXCagktb6yAi9942I,0,0.5128205418586731
2aJnyNu4PQxQ2lyj5boiMG,1,0.5283018946647644
3UGIZ8qcrMTwzLbx6Kttqt,1,0.7021276354789734
4MRT0dDbhqFKl67WzhUbSw,1,0.5
0Qh38w01QRXK6KHIv0e3hb,1,0.4461538791656494
1yjY7rpaAQvKwpdUliHx0d,1,0.5833333134651184
4oR2cCQGs0Yt0Mgr2diV6V,1,0.2777777910232544
70KsMP2RIJDg6YAbKpWIcz,0,0.1428571492433548
7ytR5pFWmSjzHJIeQkgog4,1,0.7323943376541138
2XkT5kbEEWPBJ99y7AadzM,0,0.5283018946647644
5JVbvCHX10U2pLa5DEqGav,1,0.6557376980781555
0hy1SOTEn9ifXTzOwnCwEr,1,0.5555555820465088
4FWmHUJMGLhwIgNFvYm3Pb,0,0.5128205418586731
4nVBt6MZDDP6tRVdQTgxJg,1,0.6315789222717285
0EE2j2FRROnvxeHCab6Ssf,0,0.0
4rHZZAmHpZrA3iH5zx8frV,1,0.4615384638309479
3jVtllWS5CFFWLQng8sKsr,1,0.8269230723381042
1810boVAzbaxqBzAwXp2ZM,0,0.5128205418586731
3XMyREykeptNpvd0tE75xw,0,0.3461538553237915
17IcI8xMok8qFNhSPRufjo,0,0.75
0HappsAtiF5VJXo7v3jKRb,0,0.8269230723381042
1P17dC1amhFzptugyAO7Il,1,1.0
7CtxZEZ7N2HcgTfff5yNA4,0,0.3461538553237915
04aAxqtGp5pv12UXAg4pkq,1,0.4461538791656494
01aponripySMrxA2XTXjkV,0,0.0
14gdERIqymApVn9vcsbmZ3,1,0.4285714328289032
1UZOjK1BwmwWU14Erba9CZ,1,0.6875
3fBbfrWZUuWWrMQXFISr7N,1,0.75
0vFMQi8ZnOM2y8cuReZTZ2,1,0.4615384638309479
30RZAuEkYeDXvy46Iv6l7E,1,0.6557376980781555
5Hroj5K7vLpIG4FNCRIjbP,1,0.6315789222717285
5BxPJHZF1hm9O56GhBjeO3,0,0.0
5u1n1kITHCxxp8twBcZxWy,1,0.6557376980781555
6vN77lE9LK6HP2DewaN6HZ,1,0.6734693646430969
5kcogo8rmbAuu8zeQbRUGg,0,0.5283018946647644
5ru4gSTUUrctULaWvZlcad,0,0.5283018946647644
50kpGaPAhYJ3sGmk6vplg0,1,0.6557376980781555
4knL4iPxPOZjQzTUlELGSY,1,0.8269230723381042
4MagTPnkPiDuIa4P8GtW1b,1,0.8275862336158752
0fOdQh0inTrt49Olua9oce,0,0.4461538791656494
1Q9ePyZ6uZEU6Mmiux9KiE,0,0.5833333134651184
4IIknmEvthSXJInYkVNLDP,0,0.1764705926179886
5hTpBe8h35rJ67eAWHQsJx,1,0.6734693646430969
0uarRpkJ0fliqcxy5vCwqR,0,0.4461538791656494
5gA8EOXdKP9KsXsklisT3C,0,0.3076923191547394
6jfEZdUJ2Yla6h7gTJgKuo,1,0.75
5ka2ajep9OAvU5Sgduhiex,1,0.75
7DSAEUvxU8FajXtRloy8M0,1,0.75
4bIZ9j4SHomHdcTjh2rfhc,0,0.0
126oeltvIg79HHP4yAi4rq,1,0.7323943376541138
0DwClY2t9YAWHBROMIgrXb,1,0.5283018946647644
1Wu5ERJDVhEUDKSim34CnP,0,0.7021276354789734
4jPy3l0RUwlUI9T5XHBW2m,1,0.4461538791656494
0U4iRayct65wsaBMQGiLbg,1,0.6734693646430969
6aXgxeYA03veaPyHHZQaj3,0,0.3076923191547394
3CTYmzckYp8iCEnqCk4mJH,0,0.10000000149011612
3S4px9f4lceWdKf0gWciFu,1,0.75
1BsrBCypJvmRdE7opPhBAP,0,0.3461538553237915
5nujrmhLynf4yMoMtj8AQF,1,0.6557376980781555
4Tt6GiWS2V9sQjZjS2xjp2,1,0.75
5pziLFnvxKHEYk1DEabyb0,0,0.5833333134651184
5RdMiRPAp2cZfeZiNLG7Go,0,0.2777777910232544
6mXdCcFnPKQznj4CmMRmHC,0,0.8275862336158752
4G8gkOterJn0Ywt6uhqbhp,1,0.38461539149284363
43VXG87ajppI8mO1Mxo8vu,1,0.8275862336158752
436dUUwBFNBUKhYKmLAUdl,0,0.38461539149284363
5XKXMWPACPq51OiqzxenZo,1,0.8888888955116272
4WaDNrOs4CwEIvPOXTCpdi,0,0.4461538791656494
6mstsFlnLZidRE8K3JGtV7,0,0.38461539149284363
0IsIY8pfu1yaGkPUD7pkDx,0,0.3571428656578064
6UelLqGlWMcVH1E5c4H7lY,1,0.5283018946647644
4n9tc1RCBIzH94P2Q2j9Po,0,0.3461538553237915
6rMwYjoFvxKiaEH4If8ZpZ,0,0.30434781312942505
34cHrVZPJ6toBLGcuF3vnX,0,0.4615384638309479
3kXH9BQq0TyNliiP1MIE6N,1,0.4000000059604645
7lQUiU7ig8VnBUF0cHZGOH,0,0.0
1BLKbeXEpR3bIWzyp3Tf79,0,0.0
1pbHy9VBpSyZh56xuujZz0,0,0.8269230723381042
5YqltLsjdqFtvqE7Nrysvs,1,0.6557376980781555
1gg7VrHQD09dTZd8MzCsRA,0,0.0833333358168602
37f4ITSlgPX81ad2EvmVQr,1,0.6557376980781555
5ZJGv7aGdIr9IGpxzSG18T,1,0.5
4UoHr0QnT5qlvRnhKZ4nDp,0,0.0
01AbB47Hm60LTIStyzMb2g,0,0.3333333432674408
2bL2gyO6kBdLkNSkxXNh6x,1,0.38461539149284363
54PbBpquVfhfrwRwvjSXbI,1,0.8269230723381042
2oftIq7jZ1RmxtckArhNhU,0,0.2777777910232544
0ZNrc4kNeQYD9koZ3KvCsy,1,0.75
2c5auu2wlDjh3PqH35qzrc,0,0.4461538791656494
0nrRP2bk19rLc0orkWPQk2,1,0.3461538553237915
4EQV5E5z8vhfc6C99RehjB,0,0.0
2l6XDDLJeb75safurlAsiK,0,0.0
2Foc5Q5nqNiosCNqttzHof,1,0.4000000059604645
59ywHNwwchG4nZJMLyxSzd,1,1.0
4PpuH4mxL0rD35mOWaLoKS,1,0.8275862336158752
5tFep7dXGd7vEJ668wTPux,1,0.8333333134651184
5T7ZFtCcOgkpjxcuaeZbw0,1,0.6875
2g11HhWmh6h2EgnMK3WWSu,0,0.5128205418586731
2HRqTpkrJO5ggZyyK6NPWz,1,0.7323943376541138
0OSP6D8g0orNXAHhfHxgG7,0,0.6557376980781555
6Ozh9Ok6h4Oi1wUSLtBseN,1,0.4615384638309479
3uxOO2EPQCgEkpkdC0Tj7g,0,0.3333333432674408
00KyYtT6NaXwbPecina5Pj,1,0.30434781312942505
4sUznhMUu1NCVZYuO5mVkF,0,0.5714285969734192
5bcTCxgc7xVfSaMV3RuVke,1,0.8269230723381042
2RCQ5nfZGHGlxQkjoWE7Mq,0,0.5128205418586731
2iuZJX9X9P0GKaE93xcPjk,1,0.75
5Ohxk2dO5COHF1krpoPigN,1,0.5283018946647644
7l9IqDtVWJurTvkQHq1BGh,1,0.6734693646430969
3bHcQsPXda18ri3WAO1xIs,0,0.3333333432674408
5z4rXPO6B5SSMVnRfPWb61,0,0.0
2VSnwBXZLxPJoAHyDRyxrW,0,0.7323943376541138
2MxG5l4bd3HgVzEuY5EvMt,0,0.3076923191547394
41MlSJxqdr60xsfYocAgRA,0,0.0
5kqIPrATaCc2LqxVWzQGbk,1,0.8888888955116272
2XU0oxnq2qxCpomAAuJY8K,1,0.8333333134651184
4YIRHEgi3ABgwGdgJkI1Zk,0,0.3076923191547394
63r0zgb1q1a0N5HNKAn3Po,0,0.0
1kbEbBdEgQdQeLXCJh28pJ,1,0.5128205418586731
7xJYA6jhgw4vVEBFyoPGMZ,0,0.0833333358168602
7GPq5i4Dn95yDaqxdoeKNW,0,0.5128205418586731
07KF1lMPEgIMfcLnqTjks2,0,0.1764705926179886
2mlNgAeIBnL78ZriXgrRHz,1,0.3076923191547394
4tuD5dWiGkUHd5MGRDUfC9,0,0.7021276354789734
4r1p0rILitWmWr7ZYO7B4c,0,0.75
0HnaqUxvHP5LaWdmWwJpiS,1,0.75
2Vevs2eAQNNb7NTpKj5kqA,0,0.75
4HMfSzk0UsiRhulF0eb1M9,0,0.6557376980781555
7aXuop4Qambx5Oi3ynsKQr,1,0.7323943376541138
5OGZ2Mx4Cs6RCndDRycGBJ,1,0.5283018946647644
6F1qzxCuYBuUnKZz1ZOEWc,0,0.4285714328289032
1H7KnK26kc1YyellpbINEn,1,0.4461538791656494
6UW9S0skvWZ9PUvLti7aZP,0,0.4461538791656494
3Vi5XqYrmQgOYBajMWSvCi,1,0.8269230723381042
0C8HYnqsmiYxsKUaCBGZlf,0,0.8269230723381042
3ms9tJvFtCRqWMagyOnUAt,0,0.7021276354789734
50nfwKoDiSYg8zOCREWAm5,1,0.6734693646430969
4dVpf9jZjcORqGTLUaeYj9,1,0.4461538791656494
7zNFggZPMLBF6rLOz4XoqQ,0,0.0
5RAXb67yhAe5rw5Q9nSPUg,0,0.3571428656578064
5myjSxfvS8pzSMK3jJcfIL,0,0.8333333134651184
5NQJnRpJHRaupdegphntQT,1,0.8275862336158752
7tr2za8SQg2CI8EDgrdtNl,1,0.8269230723381042
1Ex29VjL0Au0nZ6WetjfH9,0,0.0
0NTMtAO2BV4tnGvw9EgBVq,1,1.0
7q6UVd7B02FlcLc7d13M3q,0,0.4461538791656494
09hVlIVHtEE1nLUv6YGZiW,1,0.6875
119BNEAhAdpxMP2lUqU1t3,0,0.0
72jbDTw1piOOj770jWNeaG,1,0.625
5DIBVDJOHh7djepAjKHWCO,1,0.5555555820465088
6jjYDGxVJsWS0a5wlVF5vS,1,0.6734693646430969
0n4bITAu0Y0nigrz3MFJMb,1,0.7323943376541138
0aYt10BH2QvudRK5rbnDnv,0,0.0
0tUeV3UblB15D5PwMPSrbw,0,0.7021276354789734
0BNmpxxtfAZKa2im1oaIyC,0,0.7323943376541138
0A9mHc7oYUoCECqByV8cQR,1,0.20000000298023224
1jAzdHn0n2mODt7ZwW9S8N,0,0.4461538791656494
2iUXsYOEPhVqEBwsqP70rE,1,0.5833333134651184
2IRZnDFmlqMuOrYOLnZZyc,1,0.8275862336158752
4S5r8rve0naIVJETA51Oh5,0,0.1764705926179886
0lsRatBUs9HNIZAmoGABzk,1,0.7323943376541138
3a9dxgyM2rbFUvmN35qTTj,0,0.3461538553237915
1LhMopPAallLeaeNutqbgS,1,0.7323943376541138
2j5hsQvApottzvTn4pFJWF,1,0.8333333134651184
3p7XQpdt8Dr6oMXSvRZ9bg,1,0.8269230723381042
7uo4haz4VHCmrjBO0sZXUq,0,0.2777777910232544
3jjujdWJ72nww5eGnfs2E7,1,0.8269230723381042
1NRrlwFxkrEr2ZnwXJAXWe,0,0.09090909361839294
0CwiF8zPjl7ESC6nDnBvPo,0,0.0833333358168602
2FY7b99s15jUprqC0M5NCT,1,0.625
4lhqb6JvbHId48OUJGwymk,1,0.5384615659713745
6yARPLK0PV4heEyh7pVMGz,1,0.7323943376541138
1S1SmyaFUHdAVAl16eZlgj,0,0.5128205418586731
4lIxdJw6W3Fg4vUIYCB0S5,1,0.6557376980781555
0QHEIqNKsMoOY5urbzN48u,1,0.6734693646430969
0DWdj2oZMBFSzRsi2Cvfzf,1,0.5714285969734192
0o6V0Ij0wf7nZiTxPTiWgQ,0,0.09090909361839294
7sHGrG2Xo1UQ4mSLZLpyY2,0,0.4461538791656494
20R4HfKloPKgXDqU7UKk3x,1,0.36000001430511475
1wWZLW9uN2gLHkpx5MlfHV,0,0.0
6s9m5J92By7jii22Q2XtY2,1,0.4461538791656494
6CjtS2JZH9RkDz5UVInsa9,1,0.75
2vwlzO0Qp8kfEtzTsCXfyE,1,0.6315789222717285
3QGsuHI8jO1Rx4JWLUh9jd,1,0.2777777910232544
5pfJsMwoRYKampPay8amX0,1,0.75
6t2eIONH4Sax3R21QWiKNp,1,0.7021276354789734
5f1joOtoMeyppIcJGZQvqJ,1,0.75
0moqpuDhgttCjbCW9eYtNq,0,0.1428571492433548
0Rm85lKJ6ekRvWTF3msFXz,0,0.5
5b2bu6yyATC1zMXDGScJ2d,1,0.6557376980781555
67awxiNHNyjMXhVgsHuIrs,1,0.6734693646430969
1rkfJLgTlB6XYNjgZ0sVaK,1,0.4461538791656494
5uCax9HTNlzGybIStD3vDh,1,0.6285714507102966
4E0v7I2QmiTFDIDJuP5AeZ,0,0.30434781312942505
77e1d8pVDGq0z9Vl6NGPwS,0,0.4461538791656494
3DmW6y7wTEYHJZlLo1r6XJ,1,0.6557376980781555
7hHeAw2ll9ZuWlg34XhMis,0,0.0
3Yli7uWdYoxhtC8lsQEKC3,0,0.0
5enxwA8aAbwZbf5qCHORXi,1,0.5128205418586731
7ANJBj2j4axvayuxdnKqoS,0,0.4461538791656494
3rUGC1vUpkDG9CZFHMur1t,1,0.6285714507102966
4umIPjkehX1r7uhmGvXiSV,1,0.7021276354789734
1JCCdiru7fhstOIF4N7WJC,1,0.6285714507102966
2Rk4JlNc2TPmZe2af99d45,1,0.5128205418586731
1sL0UTiQcgcoaYgRlkR3Y6,0,0.0
7zsXy7vlHdItvUSH8EwQss,1,0.6557376980781555
6MVsglpCXFeS8sY2aGU8DN,0,0.4461538791656494
20DfkHC5grnKNJCzZQB6KC,1,0.7323943376541138
2IGMVunIBsBLtEQyoI1Mu7,1,0.8269230723381042
1BxfuPKGuaTgP7aM0Bbdwr,1,0.6557376980781555
7pzMu8Y4MfwSgbuqJGcCw2,0,0.0
1jaTQ3nqY3oAAYyCTbIvnM,1,0.7323943376541138
7yNX3ZFBWZoR52pbeU4Mcl,1,0.6875
65y9gkCzkq6XEzqzrI221z,0,0.6734693646430969
0qvKgNrG1NGD2gfmWPlY6a,0,0.09090909361839294
5vUnjhBzRJJIAOJPde6zDx,1,0.3571428656578064
0oJcIWQvejgUi79vtH8x80,0,0.625
7kDUspsoYfLkWnZR7qwHZl,1,0.6557376980781555
7BKx7RIo6NKZOTZw7ht8tT,0,0.0
5amnF5J2joZnGLJnyuyLkm,0,0.1764705926179886
7gZXCjAy6nxKCQWLEeX4LZ,1,0.6315789222717285
09mHLXMh3rmruStxevfh3U,0,0.4461538791656494
2f4K9nhN2RaRsMGaXTO3zt,0,0.3461538553237915
1i1fxkWeaMmKEB4T7zqbzK,1,0.38461539149284363
6XHVuErjQ4XNm6nDPVCxVX,1,0.6666666865348816
4kte3OcW800TPvOVgrLLj8,1,0.6557376980781555
2UIUM6WSATp3fK2rgBwB6J,0,0.1764705926179886
7DnAm9FOTWE3cUvso43HhI,1,0.7323943376541138
7cRggVoZ18mmvIN2EcSQ3J,0,0.6875
4iJyoBOLtHqaGxP12qzhQI,1,0.7021276354789734
6fDlK6P4s3BVMls9EmfCWI,1,0.5384615659713745
5yhKaacMZGRo4s6evJx9vk,1,0.8888888955116272
1brnLTvarI9D1hLP6z2Ar8,1,0.6285714507102966
13P5rwmk2EsoFRIz9UCeh9,1,0.7323943376541138
2DQ1ITjI0YoLFzuADN1ZBW,1,0.6875
3LEiqJm0Q2iwUNZ8t5PDqe,0,0.5
78pn8k7RogKo2oxl0DyX6d,0,0.7323943376541138
0J1YRLYhTG1MBosjidD7OI,1,0.7021276354789734
1at2p0RehzTXaFZFhlWXua,0,0.0
5G47DlluL671zo0k3OhoSm,1,0.8333333134651184
2sLwPnIP3CUVmIuHranJZU,1,0.7021276354789734
5ggWRMAGb5XhVN0bbCQBZ6,0,0.0
0zMzyHAeMvwq5CRstru1Fp,1,0.3461538553237915
21bRzGDnsSLUjnVV07LSCA,0,0.1764705926179886
24aWQFM1p8zbVcbDt93OIp,0,0.5283018946647644
3CjVigooVCgh0kam8sHYkN,0,0.36000001430511475
2Uak7X78uNFUuEsA22GLT6,0,0.0
02VBYrHfVwfEWXk5DXyf0T,1,0.36000001430511475
7ju97lgwC2rKQ6wwsf9no9,1,0.6285714507102966
7xUv1Igrk1WG79VfD0xsXS,0,0.7021276354789734
7FC9Lng8iXU081lbigu8m8,1,0.5128205418586731
1vYXt7VSjH9JIM5oRRo7vA,1,0.5128205418586731
7p2UuZUwgke4lSW9B9mgwG,0,0.6285714507102966
0tEKvFDyMqytiKeyVCdyHf,0,0.75
7gFqTzz5tl3xKn3GmfH4Md,0,0.20000000298023224
2vlDrKpOC0eSTqTDRcbYyw,1,0.30434781312942505
1zB4vmk8tFRmM9UULNzbLB,1,0.1428571492433548
7rrWWr43Qc5aXED95aNfxq,0,0.4615384638309479
3Kkjo3cT83cw09VJyrLNwX,1,0.6875
7gpy7sfWPNuOKmUNs3XQYE,1,0.5283018946647644
29kQS8jVf08MEp6vFCF8Ot,0,0.5283018946647644
1b5mYf9KGaSwNpIeFeY1FP,0,0.0
3iYEsBl8NBq1o1j5uY2Noe,1,0.20000000298023224
1bzM1cd6oqFozdr4wK6HdR,1,0.5714285969734192
7xcUWyLh6fIMsYjoVI7NnZ,0,0.0
1K39ty6o1sHwwlZwO6a7wK,1,0.6557376980781555
4tCtwWceOPWzenK2HAIJSb,1,0.8269230723381042
2WnAKZefdRHxtBEkRjFOHC,1,0.6557376980781555
3UyszddHSXiGMz3zVLOLRN,0,0.6315789222717285
0PJIbOdMs3bd5AT8liULMQ,1,0.4615384638309479
3nbdFDFM4Qq9CCrpSmKFEl,0,0.8333333134651184
2OzhQlSqBEmt7hmkYxfT6m,1,0.3571428656578064
2ssK82MQkZY7qJvQeJc1Eg,0,0.7021276354789734
6iMlgxnCWO9On1xaVH9NEL,0,0.1764705926179886
7jb91qnNv2R1XdrICW4A0y,0,0.4461538791656494
7EQGXaVSyEDsCWKmUcfpLk,1,0.7323943376541138
5AnCLGg35ziFOloEnXK4uu,1,0.5384615659713745
1jF7IL57ayN4Ity3jQqGu0,1,0.75
1z9kQ14XBSN0r2v6fx4IdG,1,0.8269230723381042
0SyCiolhBfPZNivoisaqGY,0,0.5128205418586731
3f74yUzjdr1P2xyAsBxPHf,0,0.0
14OxJlLdcHNpgsm4DRwDOB,1,0.7323943376541138
6St3D4YAUdJmLpXx79TaMk,0,0.0
0EYvgaUy9DrBh293VywDew,0,0.0833333358168602
6U2tdXbNc2MLcgSTvDrb5L,0,0.3571428656578064
20BOju91NaEFK5Py4VJ2pp,1,0.5555555820465088
0i5el041vd6nxrGEU8QRxy,1,0.30434781312942505
2wujUp0aQsgQsXaDYXbQsf,0,0.5714285969734192
7uui6vJjtVTyFBvsAhcXOU,0,0.38461539149284363
0wHFktze2PHC5jDt3B17DC,1,0.8275862336158752
04DCCbYhogCn0M5mdTgbhd,0,0.20000000298023224
0RxtndMsfgaTzHuM5C3BBg,0,0.3461538553237915
6KmrCHbuNOsdoeDOpwetr7,0,0.6666666865348816
4pAl7FkDMNBsjykPXo91B3,1,0.6734693646430969
0wXThIDxO3YRJCpPgnmbkw,1,0.36000001430511475
0SGkqnVQo9KPytSri1H6cF,1,1.0
4NPJJpgmAb29HXKgzU396B,0,0.0
3cHyrEgdyYRjgJKSOiOtcS,1,0.5283018946647644
5oO3drDxtziYU2H1X23ZIp,1,0.6285714507102966
7FpBQ067pHB67deawpbbcY,1,0.6285714507102966
1a73gcEg6h6Re6hHXoVltJ,1,0.75
60n0qy7AhVhoBJoH6IY62b,0,0.6734693646430969
7gpy7sfWPNuOKmUNs3XQYE,0,0.4000000059604645
0l1KmytAjlHMSni4mjSFFz,0,0.1764705926179886
2FdlazENi4Cz960NQP8vQF,0,0.0
0vbtURX4qv1l7besfwmnD8,1,0.6734693646430969
4ZzbcSm6MxnC15BcDqEYyK,0,0.38461539149284363
7a53HqqArd4b9NF4XAmlbI,1,0.4615384638309479
0wI7QkCcs8FUQE1OkXUIqd,1,0.8269230723381042
4cCGGuqCQMeNsa7DQPrx2H,0,0.1764705926179886
3VjxkoKZ4UvDrkLjw9hkyp,0,0.4461538791656494
2JzZzZUQj3Qff7wapcbKjc,1,0.8269230723381042
5CCr8msaN3MhgqBoa9yWhH,1,0.4461538791656494
0lx2cLdOt3piJbcaXIV74f,1,0.5128205418586731
56baab14qPpWQDgJAz8Yql,0,0.30434781312942505
4h9wh7iOZ0GGn8QVp4RAOB,1,0.4000000059604645
0oCNRAmwLo4zHDpCKpjQtI,0,0.1764705926179886
1BTj47Up5m8601KOFrTvkj,0,0.7021276354789734
2bJvI42r8EF3wxjOuDav4r,1,0.8275862336158752
6b8Be6ljOzmkOmFslEb23P,1,1.0
2tJvfpgftWLqbn3lUwnc7v,0,0.3461538553237915
52okn5MNA47tk87PeZJLEL,1,0.8269230723381042
09CtPGIpYB4BrO8qb1RGsF,1,0.7021276354789734
0FZ4Dmg8jJJAPJnvBIzD9z,1,0.8275862336158752
3NLnwwAQbbFKcEcV8hDItk,1,0.6875
7qvxFz3JodM0A7xEM7k3YD,1,0.7323943376541138
7g1KHFtfJF1Xhp3QNIoEfH,0,0.6734693646430969
1hRjSRDp3yJUnOOPHSphps,0,0.4615384638309479
2yS9BlRbvQ17F0Vp92kvcj,0,0.6315789222717285
040I32EKLxQrkuxQu1pqvT,1,0.5833333134651184
7LdeARrgXe9xRNlT9JCd6i,0,0.09090909361839294
2Nfl9Z37KVuVtao3utRNjc,0,0.20000000298023224
65ACnVMmePTp8Xdk11jP2y,0,0.7021276354789734
2YlZnw2ikdb837oKMKjBkW,1,0.6734693646430969
1WThEmIxSyaqG6fVsyCmcL,0,0.3461538553237915
71BGZTni94TaPoMjPgDHKj,0,0.09090909361839294
7vRriwrloYVaoAe3a9wJHe,1,0.4461538791656494
09ZzQ0L2JGm1PHMCcUL9es,0,0.09090909361839294
05g8odKZNtmjsf37iVe26n,0,0.2777777910232544
2TR7A4ulH9R1PNwMyd8o8U,1,0.5283018946647644
6Sn7PcMw0AxV5pB5epgbaX,0,0.0
0XrA3wDvlZEWUuIKK7WRqd,0,0.75
42UaTVeWaNaME7ttu61ykG,0,0.4461538791656494
6AvfZXpbb6r35DfF7gHPRq,1,0.75
7iMoHcQI7dE0l8XfejXAdX,0,0.0
1NpW5kyvO4XrNJ3rnfcNy3,1,0.6875
0SqUFLaRXwufRUsJ0t4dXB,1,0.75
1IMDvlrTNMRgAV4lY33Q5v,0,0.3076923191547394
3wx2kQWPn9p5UppQbNhPAk,1,0.20000000298023224
2TREpB5pOlxXpzbREZn1LN,0,0.30434781312942505
4SSnFejRGlZikf02HLewEF,1,0.3333333432674408
0a74XCJcWX9mFvLUMdmjNV,0,0.20000000298023224
3fNaQSMgFrYTkTshRX7J1u,1,0.8269230723381042
6QFCMUUq1T2Vf5sFUXcuQ7,1,0.6557376980781555
1nueTG77MzNkJTKQ0ZdGzT,1,1.0
01uqI4H13Gsd8Lyl1EYd8H,1,0.75
22VHOlVYBqytsrAqV8yXBK,1,0.7323943376541138
59CfNbkERJ3NoTXDvoURjj,1,0.1764705926179886
5L8C1PZGCpZf8STcN79H5j,0,0.4461538791656494
0CiRnuzUmOlm2rPxRTD2nY,0,0.1428571492433548
5Eg4TsPcqNbIjd8ADMZosg,1,0.7323943376541138
7auPqljdHNJQdfGmoIJv8T,0,0.0
4RVwu0g32PAqgUiJoXsdF8,1,0.3571428656578064
1BnnIIWBEzKEeri6z0Rlen,0,0.1764705926179886
5z3pmQEfKB9AwN9aFn4PQn,0,0.1764705926179886
1EJIcDYXwSqipW5dFe4uJz,1,0.3076923191547394
7JE9Sz07lBFG2j020vnx7C,0,0.20000000298023224
6TDZDeTpzDl4v4cbqECsmQ,0,0.36000001430511475
39Yp9wwQiSRIDOvrVg7mbk,1,0.3461538553237915
77lGafvlU68CeHgB2pkHC9,0,0.3571428656578064
2TAVBD7uYxrkp5Ca3nCyan,0,0.75
0W6I02J9xcqK8MtSeosEXb,1,0.6734693646430969
08wUcJKJ4TvbPOYwfzavt3,0,0.5384615659713745
3RiPr603aXAoi4GHyXx0uy,1,0.4461538791656494
1ZIKpMTRPqhwAoVXWY3tXI,1,0.6734693646430969
01vv2AjxgP4uUyb8waYO5Y,0,0.75
4ExfBQfuuU0v07p428cmLD,0,0.0
05K6g4II3MhrAdX2oOl72y,0,0.0833333358168602
5lNuqFVMca4vPupY10cH0J,1,1.0
5wsqsHO57y8iWki0KErnIu,0,0.10000000149011612
1rq48Sf5rX0NHj85aXUNEb,0,0.38461539149284363
0Ooyozkp0kmElMwAzFFZLR,0,0.6557376980781555
3Dv1eDb0MEgF93GpLXlucZ,1,0.8269230723381042
1gugDOSMREb34Xo0c1PlxM,1,0.20000000298023224
6tiKwZppNjrls8RsPQwK6r,1,0.7323943376541138
2FQrifJ1N335Ljm3TjTVVf,1,0.8269230723381042
4k80K0b6KZ2QjAYkXON7q6,1,0.4461538791656494
0K2rV3vi4Kcn0a60XkiFkK,0,0.09090909361839294
4wkQmYpAaMe41Rc3sYZ7Vz,1,0.6285714507102966
1Ib5tLTFz8teJPcxZycpj3,0,0.0
7seTcUFOhn5caSDbiSfsp0,1,0.7021276354789734
7a86XRg84qjasly9f6bPSD,1,0.6285714507102966
1pVVCHc8awfVbVmAlfpjRL,0,0.6875
60bwbplTn6F5WGlDbFizH4,0,0.36000001430511475
7a5WVvAqdpvoZ0DZmw9LgW,0,0.7323943376541138
4BY8C5eGptvIsmVakAD5kw,0,0.0833333358168602
2GyA33q5rti5IxkMQemRDH,1,0.75
7hiBhOh4s8G0xmGYBAjyuw,0,0.7021276354789734
2KtGiBi5CrX2ERPD2PAS34,1,0.6285714507102966
1HXy5I3HTWq8OvxCn0z7G7,1,0.6557376980781555
69uxyAqqPIsUyTO8txoP2M,1,0.4461538791656494
5kNe7PE09d6Kvw5pAsx23n,1,0.7323943376541138
2diG4h1sYNUIsFuOrdI9Dz,0,0.75
7GKa1bqDrR3X86WJbPhdjI,0,0.0
41NNPqgD7ZLIMfHLSZHF4A,0,0.3571428656578064
0FHIq5cBB5ef1G15erWB4w,0,0.0833333358168602
2KqJC0koTBUyDlsMt5ok1V,1,0.5
6ehSzG0xtmu08y44FK3c3w,0,0.4461538791656494
4nK5YrxbMGZstTLbvj6Gxw,1,0.8269230723381042
0qXB712p0kz9oBUnyYFlr9,0,0.5
4R0wmsPPh4ykxTidxkh8wZ,0,0.4461538791656494
7nERlpaH7QghaO7jC60Xtu,0,0.4461538791656494
4bIm4FMRH7wDXsOEHHEBz2,0,0.36000001430511475
1WoOzgvz6CgH4pX6a1RKGp,1,0.75
3rHKQceCHKNPfkyDLQUtLB,0,0.0
0owLVkfqH7az9VpCeYnTLC,0,0.5283018946647644
3f6GtDW4mmQGyR1evmZgoH,0,0.3571428656578064
0MA2KPJSwDlyuZsn9AObCe,0,0.3333333432674408
4mbVBOnlDb9pNl997oyyXR,0,0.09090909361839294
0336UwEBwBBao8uWCuugYr,0,0.5833333134651184
7AbMI7lGeKQDEnIDpmSvHn,0,0.5283018946647644
4L9Ds4mpD3SuYoWwFUlv16,1,0.30434781312942505
7l0u38sWDqqk6TySNOZtO3,0,0.5283018946647644
2ZDVBd7dVE7LUkzRJ4Z33k,0,0.5128205418586731
7HLkxwqysaWLC0hOAGkboA,0,0.0
7xDd7gl6AGgpiOz5trz4dM,0,0.75
5zUQZjVB6bfewBXWqsP9PY,1,0.5283018946647644
46IZ0fSY2mpAiktS3KOqds,1,0.6875
3ut6ZIaZrFaZOHbpO5ptDA,0,0.1428571492433548
2kJwzbxV2ppxnQoYw4GLBZ,1,0.4615384638309479
0BSAoLiwvKwwwu4V2F1LU5,0,0.7323943376541138
0gqysuo5JAFi4J1chidYzK,0,0.1764705926179886
2lMnOVKVY39zI8Op6KukTg,0,0.1764705926179886
4krZBMENG6coQYEaZkVvHP,0,0.8275862336158752
3TGRqZ0a2l1LRblBkJoaDx,1,0.6875
6wmAHw1szh5RCKSRjiXhPe,1,0.8269230723381042
3EWHYQR0hpbW4Uns2wXn2M,0,0.1764705926179886
4VUwkH455At9kENOfzTqmF,1,0.7323943376541138
3ZCTVFBt2Brf31RLEnCkWJ,1,0.3333333432674408
6RNzAJwQ0v61Z0emjsrJu0,0,0.0
17phhZDn6oGtzMe56NuWvj,1,0.7323943376541138
4au7FRcgZzChASRYu279xH,1,0.6557376980781555
39UYMljdF8EHcry9izkB0h,0,0.8275862336158752
7rPLYmabWMobWhoIqZe6rh,1,0.6557376980781555
1sFqfjMzxrwyvhL8785yUL,0,0.4615384638309479
4NYwy0R3NdvORX2B6OZXBT,1,0.6315789222717285
1I93YiKgu2P5pwprWmziPI,0,0.6315789222717285
4OFDoLXwsOTG3XpQIwm31n,0,0.75
017PF4Q3l4DBUiWoXk4OWT,1,0.7021276354789734
3sITSLYWVirVIeYQi6BGnR,0,0.5128205418586731
1No2CqopteR18XVL4RJHNO,0,0.6557376980781555
4jbmgIyjGoXjY01XxatOx6,1,0.7323943376541138
29gsi1zZrZxdStACmTQB0Z,1,0.6315789222717285
0hquQWY3xvYqN4qtiquniF,1,0.8269230723381042
5gLAzsggXSYANkyhByrPhj,0,0.3076923191547394
5KONnBIQ9LqCxyeSPin26k,1,0.7021276354789734
60nZcImufyMA1MKQY3dcCH,1,0.8269230723381042
3Klyjz0u1mHmE8n1x0PA6N,0,0.1428571492433548
5odlY52u43F5BjByhxg7wg,1,0.1428571492433548
2uvCz2eDTuFbtqfOThHNVZ,0,0.30434781312942505
10xuH52YSXHWFwCaF1fsDd,1,0.6734693646430969
5sO3dlWR9R6ZsBful1axop,0,0.5283018946647644
3k3NWokhRRkEPhCzPmV8TW,1,0.5833333134651184
0rFZaQ4crlGAzuCjWCQ2xu,1,0.5
1kAqJ6mrYgpG2DTybn2RG4,0,0.1428571492433548
4wFUdSCer8bdQsrp1M90sa,1,0.4000000059604645
100fEZFV7ONBO7DwB4xTqa,0,0.0
6SpVp6ttad3XJOsjKBZwaq,0,0.7323943376541138
0s4vH44Dc6VwPdmW2k6YXR,0,0.4615384638309479
5TqBAOIBe0bQA0spNdcG3k,1,0.8275862336158752
0bHA8LApeZHv7ZlhVUWg8X,0,0.5283018946647644
2Auzo2tKwP2fIQPKBZ11s0,0,0.0
22oEJW6r2rMb9z4IntfyEa,1,0.36000001430511475
1j8z4TTjJ1YOdoFEDwJTQa,1,0.5283018946647644
3j6CeoBBlm40Msn1JE1SPD,1,0.7323943376541138
7nUflbCfoSFYiBOGH5D81R,0,0.6875
2foGtJpz3PDELLCWu2gCe3,0,0.75
6XFKj43f1HnKnfKmuPtBfG,0,0.5714285969734192
0JzsS9y8MA3rtDwyyYbFr7,0,0.4461538791656494
65VKOL7hGP4CRV6TdWjtLT,0,0.0
4B0JvthVoAAuygILe3n4Bs,1,0.7021276354789734
6xyJHp3nAJGOc2Xy7ACsg1,0,0.6875
5tckzAI9BAU2GK5iYHPpjz,0,0.0
2Gyc6e2cLxA5hoX1NOvYnU,1,0.5283018946647644
5KodOrv9iFso1iYp82eVhF,0,0.30434781312942505
6vNfvtQwB8eGn3DnSXyk9N,0,0.3461538553237915
5NxOosmXq5McWniefCbprW,0,0.7323943376541138
56sxN1yKg1dgOZXBcAHkJG,1,0.8275862336158752
273dCMFseLcVsoSWx59IoE,1,0.7021276354789734
7BKLCZ1jbUBVqRi2FVlTVw,1,0.75
2sATwoh0uEuNziKfgqjrjL,0,0.1428571492433548
0BMTvBsRQfJLNfW0GYPZ1B,0,0.0
6gTJaPuj8DT8RjuDJyBgzP,1,0.8269230723381042
4z7gh3aIZV9arbL9jJSc5J,1,0.6666666865348816
4roDTLs05yU9RpSBqwfKQ3,0,0.4461538791656494
3V6ktv9W5fdOCmmEnYYZaH,0,0.5
4q0OK0HRaLd2Wzz23GeApJ,0,0.20000000298023224
7edN1zsBhEfrO2OJhhIPw4,0,0.36000001430511475
2lEeh87BISbHK5XjsMlCiq,0,0.4461538791656494
1Slwb6dOYkBlWal1PGtnNg,1,0.8269230723381042
0NXdEilH0yJc3HOODuMIEL,0,0.0
3yII7UwgLF6K5zW3xad3MP,1,0.6557376980781555
4tYFy8ALRjIZvnvSLw5lxN,1,0.8888888955116272
488HG8lR11JswT2YgcWGRB,0,0.7323943376541138
6sZQyx63X4cUvXV7Uw1YBw,0,0.2777777910232544
3c8QXE2NQBVrtMSTXAofor,0,0.0
5gcHwKLoaEmZqaj5p8y6W2,0,0.2777777910232544
6oeLRk6L06XqWiP2830u90,0,0.0
1vPMo827Rf7HQbS49ncYxy,0,0.5283018946647644
2GjMaJ7DacMIkgoe8oMXGg,1,0.4615384638309479
5pyVqlqThcxI7tPDjHIzPh,1,0.7323943376541138
3PfIrDoz19wz7qK7tYeu62,1,0.7021276354789734
3leU60CmDPdaQr6AAzZfaf,0,0.0
2tpWsVSb9UEmDRxAl1zhX1,1,0.6875
2UMeGWmUri9RVpmckPV9Jt,0,0.0
0VeY09ocN1OPvmvKrRd5q3,0,0.4461538791656494
6Ozt2lFtENwNEkdTygR6k7,0,0.1428571492433548
2Kh9rsAMKERCnPa9nRMxKv,0,0.6875
7bBvrOOwK8xLCziAyTD7Mo,0,0.09090909361839294
0t7fVeEJxO2Xi4H2K5Svc9,1,0.75
1uTMc2fWzwpGjH498FMrQT,0,0.10000000149011612
2GxrNKugF82CnoRFbQfzPf,1,0.1764705926179886
0PDUDa38GO8lMxLCRc4lL1,1,0.6734693646430969
6j9iyrrmqWlQZ5SD1hSTaq,1,0.8269230723381042
2tDo8TqJfrQGwtUHxRXP7A,0,0.4000000059604645
4DSmjbIBldQ2oeq178I5Du,0,0.2777777910232544
4FdPnT2cFrpWCmWZd7GXc3,1,0.36000001430511475
6KBYefIoo7KydImq1uUQlL,1,0.7021276354789734
4wFjTWCunQFKtukqrNijEt,1,0.7021276354789734
7GgWAITsYJaRM3r50rfh5w,1,0.1764705926179886
4X5f3vT8MRuXF68pfjNte5,1,0.8269230723381042
4cluDES4hQEUhmXj6TXkSo,1,0.75
0q75NwOoFiARAVp4EXU4Bs,1,0.8269230723381042
5A6BJLZArq1MPjsnmcuk5f,1,0.6557376980781555
5QDLhrAOJJdNAmCTJ8xMyW,1,0.8269230723381042
4ADNavlMOA9rx9hKw51PCW,0,0.6557376980781555
645og273nQFbY3Tmc1twSR,0,0.10000000149011612
0Dc7J9VPV4eOInoxUiZrsL,1,0.8275862336158752
18vFT7KICrGAJB0BiK0HPn,0,0.0
1Ip2m42GTwiaG20hW7dtuZ,0,0.5833333134651184
2V65y3PX4DkRhy1djlxd9p,1,0.75
3j1xkzTW8owIphkWV51V9s,1,0.5128205418586731
2tHwzyyOLoWSFqYNjeVMzj,1,0.7323943376541138
4detZaj6qfObdW7h9cHnFz,0,0.0
3BFXgZr628FqwDP3pQCgvk,0,0.0
5BrTUo0xP1wKXLJWUaGFtk,1,0.75
1LoriJC05IrHIDwj3q0KC1,1,0.8333333134651184
4LfkoDOt4mhrbo8Ndk37sQ,1,0.8269230723381042
0XdGQteo5INHpsDoncsDDq,0,0.8269230723381042
0DiDStADDVh3SvAsoJAFMk,1,0.8333333134651184
35mbcaHv0tGU3LksXeLMKM,0,0.625
7JJmb5XwzOO8jgpou264Ml,1,0.8275862336158752
5qxPabNDnJQ551Tf4v6k3j,1,0.6557376980781555
6BtmXhTJMM9sBTHeYYASGz,1,0.625
23pL9muwrxg6ZZTp0oErBL,0,0.6315789222717285
3qV6M1cI4McX7xSLzLQa3H,0,0.20000000298023224
6vt0I1cw1YmAIKDJvHVIM5,1,0.7323943376541138
3NVO7DaMPP3RZEi8ilyvW5,0,0.5384615659713745
2Zo1PcszsT9WQ0ANntJbID,1,0.8275862336158752
5DytoQiHZs79ksP2Re1RmZ,0,0.0
3xkHsmpQCBMytMJNiDf3Ii,1,0.5283018946647644
6SwRhMLwNqEi6alNPVG00n,1,0.6285714507102966
6Vpxd1nbOBGlXPDkQX640E,0,0.3333333432674408
6RtPijgfPKROxEzTHNRiDp,1,0.8269230723381042
7cSgDrUh6ZAv25JgOPlyOB,0,0.6285714507102966
4XkmtOHgvRbINOOctmsX3M,0,0.6734693646430969
7AZfvK2OPF21vBJDmTdn8p,0,0.0
09qyIW5B7MuNUxQnDIZfVG,0,0.4615384638309479
7AaF6tFXgW779oBVBsyjw2,0,0.1428571492433548
1CDBn2Lm7E63XKQDsdCq6O,1,0.7323943376541138
6uBhi9gBXWjanegOb2Phh0,1,0.8275862336158752
5z0Wa1EiCoaUafx83WszRY,0,0.8269230723381042
6D8y7Bck8h11byRY88Pt2z,1,0.6557376980781555
2SWqkpJmHPnLFaEf4HW7xr,0,0.4000000059604645
0jdny0dhgjUwoIp5GkqEaA,1,0.7323943376541138
3N18UD3tL8TPKsiUWN9YRR,0,0.4615384638309479
0QBzMgT7NIeoCYy3sJCof1,1,0.8275862336158752
7cccb7pKQqOP9JntsWokzA,0,0.3461538553237915
7gwLQ4tZ5UdZ7qNcDyJ8wr,1,0.75
3yOlyBJuViE2YSGn3nVE1K,1,0.7323943376541138
2s1sdSqGcKxpPr5lCl7jAV,1,0.4461538791656494
6BcJ2cGaF5tm99srYCOjfX,0,0.7323943376541138
33aow0AcXYvT1FoWNzMcqN,1,0.6734693646430969
0n26pelcG2JrPeIhuA7YNh,0,0.09090909361839294
4Dvkj6JhhA12EX05fT7y2e,1,0.30434781312942505
5os4iDInR4chqaCdXi895k,0,0.09090909361839294
6fLl1Lyamq6gZtJy6P6p4p,0,0.0
5IyRSZy0R7UdweNISjf5qS,0,0.0
4e4fqjx0Izh4svvTef1z7e,1,0.4461538791656494
0mW58kig39aueBh99f6yGz,0,0.0
3KwwE4sgCzMaKWq6QBebmX,1,0.8269230723381042
3TlvxWnRN53CjcDmGKCEkH,0,0.5128205418586731
55h7vJchibLdUkxdlX3fK7,1,0.75
72TFWvU3wUYdUuxejTTIzt,1,1.0
6VjruEUTeIg64bWT5vcVa1,0,0.20000000298023224
6NFyWDv5CjfwuzoCkw47Xf,1,0.5128205418586731
7m9yPkhvTfTlYEf0whUrNb,0,0.0
6Uj1ctrBOjOas8xZXGqKk4,1,0.8269230723381042
55n9yjI6qqXh5F2mYvUc2y,1,0.7323943376541138
52PiyZoav11ZSAoHPqSlzh,0,0.6875
3G6hD9B2ZHOsgf4WfNu7X1,1,0.8269230723381042
3vlu7Y9U9HXxqSmQecmKhZ,0,0.6734693646430969
4M7aciOBSbGnh1bN3YbuS0,1,0.75
3QdIqc6wkjB9yi5rSZCIZt,0,0.0
0EoJCSeuAq9Ilw2AesTBUu,0,0.5283018946647644
5jE48hhRu8E6zBDPRSkEq7,1,0.6285714507102966
1iyXU0LHY9Irw7oohGf7hb,0,0.0
6BiHk2V58JF1kFC9Tmd8A8,0,0.5833333134651184
1kWAhf2TJPkpiSgTnp8Ure,0,0.5283018946647644
2Fxmhks0bxGSBdJ92vM42m,1,0.3333333730697632
29ENMAdmNy0byJdF21AhGa,0,0.0
6qJpNazUWvk1AIJgUcEc78,0,0.0
1dE8Mq801cWJcCS23zPZWY,0,0.6734693646430969
4hQ6UGyWQIGJmHSo0J88JW,1,0.7021276354789734
4BhKsrfLowNbN7F3JVhI8i,0,0.7323943376541138
6TwfdLbaxTKzQi3AgsZNzx,1,0.5
3NJG6vMH1ZsectZkocMEm0,1,0.5555555820465088
5sjzuV5VngL4KmhYCf8ic3,0,0.0
66cHMCKOLn2fyAjGjFBAmZ,0,0.4615384638309479
4aHbJ31mNdQ00X3VVT48YT,0,0.1764705926179886
0mWKj5e39wq9aXDvK52Bhh,0,0.0
4YSDzX9bIQDwkBqFfYL9wI,0,0.5128205418586731
