spt_id,is_bb,p_lyric,cv_fold
1XxRYmDKuABtbtCozx3pA2,0,0.32173241251879353,1
4QeXQ6EfI0rCsZEoDS7NtF,0,0.13217588957657697,0
2zfbxpGbjwck72JXOdBonZ,0,0.15855672138062915,1
7qzTaf38OEZCANIgYAz1sM,0,0.2027892768625544,0
70eFcWOvlMObDhURTqT4Fv,1,0.5074072674738542,0
1Qrg8KqiBpW07V7PNxwwwL,1,0.6032123677054382,0
16Ah4QqH4mgYVXqfC4mdSd,1,0.7006270967144101,0
2XHzzp1j4IfTNp1FTn7YFg,1,0.5954646794121907,4
2UVbBKQOdFAekPTRsnkzcf,1,0.8328656939768052,3
1qA9TnEJ2sUub9QkN9K3Mv,0,0.8444253020038409,4
1lnPwGXiXnYwUp0Nd6izON,0,0.6239748585123647,4
48ANRZNlUoBElQztu4hv3I,0,0.15358115629181268,0
0fgZUSa7D7aVvv3GfO0A1n,1,0.7377035718639243,1
0dt4CRRsWhEsgkgYNWMsh5,0,0.38951122520828574,4
1Iq8oo9XkmmvCQiGOfORiz,1,0.5692980523855883,4
5G9EDMCULzocrXh59ziW2s,0,0.23436277313261392,1
22vgEDb5hykfaTwLuskFGD,1,0.7634212495323606,3
0SKbj3NTkGFS76OkFmAw0u,0,0.8212666659915211,2
0kDUotOdrONmWJGPMyYFh1,0,0.25519015931666483,2
5ujS2PWCJsJaMdM7E5AYS1,0,0.33620689655172414,3
6Up545NUflOiXo8cEraH49,1,0.3196096884082913,0
2xLOMHjkOK8nzxJ4r6yOKR,1,0.8284628737904819,1
20ba46kBOIncnWcrUAPyYI,0,0.14561038218670108,2
4RYA2iXLysm9tB5RgzFVze,0,0.4071977180948445,1
3rosTvZ4MAbOAzNbbEp6Ha,0,0.7722596719152194,4
4pkb8SbRGeHAvdb87v9rpf,1,0.7571548064998117,2
5Es5pG548uc04wSlpBKlUN,0,0.4912931131333558,3
1kPpge9JDLpcj15qgrPbYX,1,0.49558974670869754,1
48GBbQiTSlXX5i0cn3iIiJ,0,0.30027470588004385,0
7BHEi0cFs6TVNFDvbBrAjz,0,0.8336730901694637,2
5BdrLgr97sT2gq0oI5fd1c,0,0.2096935412248646,3
39C3SOi6UMD9rHeXAQPNa9,0,0.6262806104181577,0
12eMQUn2GzfsfsQLH53M19,1,0.7254168574887542,1
6HZ9VeI5IRFCNQLXhpF4bq,1,0.43936816010353175,0
3PntTOqdd3qb6bojI3CVaN,0,0.10582010582010581,3
2Z8WuEywRWYTKe1NybPQEW,1,0.6722932651321397,3
2BT16kSveTFhwmsdqjWxjm,0,0.15057894573481076,4
6RRNNciQGZEXnqk8SQ9yv5,1,0.6905630510351285,4
48RrDBpOSSl1aLVCalGl5C,1,0.6827520712715801,4
2TZ9kaTiLewawHZK7yylSC,0,0.2719458112484776,0
7uzmGiiJyRfuViKKK3lVmR,1,0.6752358854684344,1
32OlwWuMpZ6b0aN2RZOeMS,1,0.7378977006352709,2
0OWZFobGSIW9GrSlQ9C5pc,1,0.54236018334678,1
5HJquCkq9Ixq0O8y0dAiIW,0,0.5415473563901506,0
5dVeOUI43XmZ8Pg0CPifW4,0,0.6124232081721692,4
1Ist6PR2BZR3n2z2Y5R6S1,1,0.6648792131684639,4
6ZV9wdnLyCWTra8vnVvz09,0,0.3479758828596038,3
73f2uSzP92RYlXzITudNzv,0,0.26046820925036385,0
5G2f63n7IPVPPjfNIGih7Q,1,0.4613859009685177,1
1mKXFLRA179hdOWQBwUk9e,1,0.39734993614303954,3
0w1uGsI3cjP7xSX97XrvQo,0,0.5573169323169324,3
6FxC6j3SQlVsnokxxhAxXN,0,0.414278603701509,0
5OUSPcqhYTOzpbXzoEvKim,1,0.5566291737957879,4
3xVZYkcuWalGudeKl861wb,1,0.7925348859647555,4
7zVCrzzEJU7u24sbJPXA5W,1,0.4390771551721117,4
3sYBFUXTv0STUoUINx9Qe8,1,0.607377804601284,1
5zFglKYiknIxks8geR8rcL,1,0.7320876431987543,3
1dekgAFF9uTCqLsklDaCWb,0,0.19814814814814816,3
0BCy325UZyR9z0t0uxwn2N,1,0.37806607318996915,0
7rL602DQps4QmrrjbinLzP,0,0.4725543732101091,0
3sf3UltkA8AYsYOgpSYP5l,0,0.7161188907538207,2
0l0CvurVUrr2w3Jj1hOVFc,1,0.8022023789318858,0
5Zb6THrh1D6xUXkrrCYan4,0,0.5364000030078108,2
5DBjfRTOu395Fr5o7RTA0H,0,0.7439765874892256,2
61waVybdmiALy94UNU5M6s,0,0.3274795759175015,0
2tpfxAXiI52znho4WE3XFA,1,0.796355207701901,1
6Nc5QI0ODERfwrJDZECoe7,0,0.20748953965044567,4
6fxVffaTuwjgEk5h9QyRjy,1,0.5016729621896964,0
2TuKKkNajalhwhGPzAqH9m,0,0.3964508283933728,3
2ihCaVdNZmnHZWt0fvAM7B,1,0.4069389093703615,4
4sqK3chS8d96laonwg2xVq,0,0.6057174951826826,1
0HFoJSIbneK6QWLnPJjML2,0,0.3566232152919399,2
27tNWlhdAryQY04Gb2ZhUI,1,0.45178487886689256,1
5NQbUaeTEOGdD6hHcre0dZ,1,0.8487808010923054,2
1IA65F2uYuqeaEVx0Hjjfe,0,0.20531346175720253,2
7uokjCoYFxSdgcq53GNWhJ,0,0.5601532567049808,3
6609cCUb8ayZkTUvkJ03Rm,0,0.13659696640970986,0
6g6A7qNhTfUgOSH7ROOxTD,1,0.8430799558431943,4
2EEeOnHehOozLq4aS0n6SL,1,0.6612905639885241,1
0tgVpDi06FyKpA1z0VMD4v,1,0.6074142646704784,0
15C4TnrrVdym7UykxQIOTZ,1,0.6931737414099687,4
5mHdCZtVyb4DcJw8799hZp,1,0.7232869699546999,2
7hZtfayYQukFySbj746HJL,0,0.3001277139208174,3
4FlTbvKgYXQQoZcuPMhhyp,0,0.578498314376537,2
5YqEzk3C5c3UZ1D5fJUlXA,1,0.7286688397799509,3
5VSgSktetufsSWNfoscbvq,0,0.1801426702320553,1
04HywTwgGtbATUROKD5Ata,0,0.2598479531030702,4
62aP9fBQKYKxi7PDXwcUAS,1,0.3033544341300542,4
1j5uMKcBWSaJHFLRCCpCKQ,0,0.145320118984012,4
56orvDKaaL0lWllCuTqMED,0,0.7429570628787395,4
6dyMer5WZ2hpIKNbb9fa1T,0,0.6737126874416822,2
2T0dh7hiBM73mEFwUGSqMQ,0,0.7910287305023774,0
1gihuPhrLraKYrJMAEONyc,1,0.18498447226988837,0
2zt7BAfxMaQmuDYebTfqtb,0,0.21789626952610233,1
7KokYm8cMIXCsGVmUvKtqf,1,0.2801285435316995,4
5MEYDJVJMaGAXfddTo0D6J,1,0.6200370915490995,0
6YUTL4dYpB9xZO5qExPf05,1,0.20010948741392431,0
6V1bu6o1Yo5ZXnsCJU8Ovk,1,0.7939924051035163,3
1YlOZY3puELE0PgxD1enZo,0,0.5596357839460161,1
1Rw3HZkVVR0MjEVIH8hgLo,0,0.38062093852715345,0
41Fflg7qHiVOD6dEPvsCzO,1,0.6748334101534859,0
18s2VXUFA8RmEPFtkgRJJK,0,0.18304080278211543,2
315lUcWQbGT0IH21ukBWlh,0,0.29086845466155814,3
2xsAm4w9P3kSF1DophKAiF,1,0.3964508283933728,3
13yWzrXrEtiAvQzo0ZgHYA,0,0.30500979474525364,1
2plbrEY59IikOBgBGLjaoe,1,0.7104565843614244,2
0mBKv9DkYfQHjdMcw2jdyI,0,0.8831436696659735,2
5jQI2r1RdgtuT8S3iG8zFC,1,0.6610873121184908,4
35BAwUMAhz3P5FTbQRBmZI,0,0.20523771741773547,1
2LEF1A8DOZ9wRYikWgVlZ8,1,0.6689757450132537,2
515OfuSUlr2igB70C83M13,0,0.5941526811092028,3
2iESiCRjb0axMYi1bZkGbi,0,0.5884700819160632,0
6Ld8WXbMN3g8s5lbmyG0uH,0,0.3773968172721171,4
3lSDIJ2abCrOdDJ6pshUap,1,0.7560423586383376,1
36meE3FrlfHJmc1Yi37JQx,0,0.43180656793195543,0
5nmHl233yo8XJvaNfdKAWU,0,0.43670163599748624,2
1wjoepBCP3UGg8iOVic3nn,0,0.2582551551180623,2
7nD9nN3jord9wWcfW3Gkcm,1,0.736977487161381,0
1HFfMOxCAT4GAwaPfCdmUs,1,0.08037556313418383,3
1DzRqP1kaRcdAbbuA93PFw,0,0.15606377372354358,2
0ivSICeARK2xi8iRvHeVAd,0,0.5152291879478205,4
43zdsphuZLzwA9k4DJhU0I,1,0.481747743743515,4
5w1vhNA2OEWUQ371QzyMmM,1,0.7258881054132932,0
5O2P9iiztwhomNh8xkR9lJ,1,0.7272124405043615,2
7e44z4wOjkllaD8eulUeMd,1,0.7286688397799509,3
4Ce37cRWvM1vIGGynKcs22,0,0.8280604111333595,0
0M9ydKzuF3oZTfYYPfaGX1,1,0.8561357147909622,3
3EO58D1YpHnTvBy68gK8HE,1,0.6946052510736719,0
6dbSBQXCctYSVryynHXaZ4,1,0.8351179462290572,3
36pLU2ywVeBKEF0rrKtmCB,1,0.2634478461328558,4
2gwkD6igEhQbDQegRCcdoB,1,0.6769515251458827,1
199ay7SDkskvNFylhPPMYU,0,0.4370319053946352,4
6FZDfxM3a3UCqtzo5pxSLZ,1,0.4160656695099725,1
7kmljzcVVr6Phj1IL27AVc,0,0.33604491160973055,4
2k1PUdpVQbeJYSkQm50zLO,0,0.6086487309329667,1
4urcG6Nfubqsuqy3juMjBi,1,0.7614557973162731,2
4q6dqyGM25sKFU8nYAGRe4,1,0.8777230558754123,2
72jFoOulGip53D9qZWMvi2,0,0.7761576735919529,1
4P0osvTXoSYZZC2n8IFH3c,1,0.6986388097499209,3
7lidXGPXPYLNThITAOTlkK,1,0.5864941525458497,1
3By9IFm4E2BvKQygT04O8g,0,0.6460478685274215,1
4pCaeoKmsr85fn8THb0Jnc,0,0.5934098736687882,0
1fXV02Qh6002zRidAcjFOg,0,0.220610731874643,0
0VDmMjl5LuQUaMGdSCesnt,0,0.5087144573875911,2
7vu0JkJh0ldukEYbTVcqd0,1,0.7939924051035163,3
7qiZfU4dY1lWllzX7mPBI3,1,0.7822712506607381,0
4iZ4pt7kvcaH6Yo8UoZ4s2,1,0.6873489150995512,0
4E63weMCaNZuGPEFMnuEi8,1,0.6746932819718877,0
7MGCdXA9hghopcTiSmYFus,0,0.17219389263090043,2
4kbj5MwxO1bq9wjT5g9HaA,1,0.37025114108536816,1
2toVe5hfuIi97ytDPDbQFt,1,0.7088525395631663,4
51mwvxRXUktJYBXqq9uXuo,0,0.7631154056958184,0
0fYVliAYKHuPmECRs1pbRf,1,0.5603645697176155,2
2y4lAQpi5VTNLu2ldeTdUH,1,0.863009067898938,2
2Yl4OmDby9iitgNWZPwxkd,1,0.6178539601601519,4
2ljBzSWN7BhubXwqbdtE8e,0,0.6803198896880832,0
2wSTnntOPRi7aQneobFtU4,1,0.6658517451204656,0
5eCkuGPZNl4mISFNPgr3Dd,1,0.47956944845392213,0
3xbxh3LW9v6E3wn1AwUJfe,0,0.42994485044056924,0
0yPWj2trBQazAUasaLmqbU,0,0.29086845466155814,3
0RdeBuehFZDqizsfbFQxUi,0,0.2668349331979888,1
2T23r4De9TGsNRF4u7tU8p,0,0.6158086878607901,4
18XfhVkjMrvih7OywxBeOz,0,0.2959546168169773,1
12N5hUETprhgb2zeWAzUkS,0,0.7324939913037642,4
2uXlHCUbq9OMUwx3hrk06o,1,0.38888888888888884,3
5YEOzOojehCqxGQCcQiyR4,1,0.7597131738644589,1
22mek4IiqubGD9ctzxc69s,1,0.08037556313418383,3
6hkjKixSrlQurLqgc9RSGx,0,0.293178914142576,0
5ho8oss55EBoevEvhlrCo2,0,0.34822961633353094,1
1xzBco0xcoJEDXktl7Jxrr,1,0.5778778641288848,0
6to111eRsvoClVL7d9BRfa,0,0.2254232890347477,1
4C6Uex2ILwJi9sZXRdmqXp,1,0.6948783408731729,3
1diS6nkxMQc3wwC4G1j0bh,1,0.4818294060632673,4
2pIkKOkz4HiXNza1xfSBEo,0,0.3149616952018442,4
3BEG90ffpOk0TO8PTEA4AT,0,0.25204261826663726,1
1rDVaaK71S83I9cpQR2aKl,0,0.10793200629358098,0
7d4CKDt1av9NE0be9bugWW,0,0.0708517536103743,3
63gUTDYyGuFbNdpJmMMX9I,0,0.18922139347645062,1
6eBpGavikKcTF89k0qfw0P,0,0.3761928267450112,4
4Pdaly89XS1AQV1QARV0yK,0,0.1491014953968086,4
3g7srauXB5IBwGV0menlIB,0,0.3789624677377625,0
6r0ZHBrnN30QZiO2r5vc5i,0,0.129458206945082,1
5mueyPaJsGl0bGiZSu1z0e,0,0.14072039072039072,3
5rQ99yGrZePB0cfdhP2yTi,0,0.22103099807946455,4
2QZ7WLBE8h2y1Y5Fb8RYbH,1,0.5931366040166125,1
6E11E0lT5Zy7yb6iT3y8DN,1,0.77500361533003,4
1wfZdPy5FRWsdWaAEOG0Ml,0,0.5998826878361503,2
76hfruVvmfQbw0eYn1nmeC,1,0.7903451872786774,0
3QaPy1KgI7nu9FJEQUgn6h,1,0.4580704183958628,4
0sHc1EEeOnmgjP6QmsR7px,0,0.7757249804781038,1
07MDkzWARZaLEdKxo6yArG,1,0.791740152851264,3
5O5OavctuO9wnt7smmAQku,0,0.5142098831010057,0
6BORJ0ZazxMBpM3cWg79Id,0,0.3293592479168719,1
2kalDCDKHDOCGoawOg9xIo,0,0.28742184405964927,1
12K4heaHk5aHqb2LDv8gC1,0,0.5476700988671516,4
4hPpVbbakQNv8YTHYaOJP4,0,0.7828703623944552,1
5CXnIPD6rTjszYYQm6fY2P,1,0.48354975393529287,0
5oIVNm56t6OIf9ZjdEG3ud,0,0.7446580529207459,1
5UfuygJfTKp2dGtWDWOLvg,0,0.2737996428385867,2
6s9ICeczYOfbHHIaSMq9jd,1,0.6591876775819527,0
0V3wPSX9ygBnCm8psDIegu,1,0.3535282505550736,4
1VjaZbooaWkntfBLoH6Tb8,0,0.5680194558443532,3
5UXiVaP9ngjUGyj32SeOy7,0,0.42014257244632697,1
1qEmFfgcLObUfQm0j1W2CK,1,0.49939683171861443,0
7IYZNVEseDwrWbKe1n0X4j,0,0.46728033527100243,1
4NWctT5ACNTPJadWyJKSWo,0,0.1850845461657548,1
37BzQ6nCVvtjtRN0142zge,0,0.2704446471327164,2
4mtmmBBEgdJLYWnLy5zvWE,1,0.37451139691507024,2
5FljCWR0cys07PQ9277GTz,1,0.7169096661249187,4
2E43WFS4rRc09za2r2GmZl,1,0.6267433849133196,3
2K87XMYnUMqLcX3zvtAF4G,1,0.4055677498631319,2
76VtA90NKurNqaQpV126Ue,1,0.3934244741923725,0
0E0xCeOBQRSkbABuLVOR4F,0,0.7915875423014643,1
29SvTTSIa1hdulOzztjBDw,0,0.5236823458974685,4
7dJYggqjKo71KI9sLzqCs8,1,0.7772228631730965,0
00PmVuzpGbFDLVZbPhPEUT,0,0.6453519345511324,4
58w5J5yNWeGZ7a4cM1rO7Y,1,0.7141649271762999,4
32l3HV3vwkoVjagjLGdJll,0,0.22648538607935967,4
6PCUP3dWmTjcTtXY02oFdT,1,0.33989034109176197,0
0h6X7BCq7IYKHNoXln3LX3,0,0.40555254528113255,2
6vQzDYRYwVv3YQIaeMmT7N,0,0.19428480204342272,3
34yAAS72vZUXvsQPHGZexE,0,0.795822908835362,0
629DixmZGHc7ILtEntuiWE,1,0.8571108277309379,4
29JrmE89KgRyCxBIzq2Ocw,1,0.8804681948584324,2
1X1DWw2pcNZ8zSub3uhlNz,1,0.5634513878856598,2
6fm1wV6DlN5d7C3UC5hdOX,0,0.4587334259479336,4
4eWQlBRaTjPPUlzacqEeoQ,1,0.7751062705863404,1
66t7utfP4M3sQJX0fw81q4,0,0.2619222100473371,4
0AgeQpRVvKKHQr5RxImIA3,0,0.2723499361430396,3
0WNfQxDGaPTl0yogcMR5v1,1,0.5903013220971887,2
4qwSAMwROvCd8QMCwZl7GO,0,0.3310555244370555,4
1ebc9N7CRDuLAyoPKYbAPx,0,0.15662769883527464,1
1OFgEELgwfTOt3WcBuOPxk,0,0.7652308643790297,4
6wf7Yu7cxBSPrRlWeSeK0Q,1,0.4495463861478021,4
3Vr3zh0r7ALn8VLqCiRR10,1,0.5226489361379174,0
4fouWK6XVHhzl78KzQ1UjL,1,0.3507478011785862,0
5fC5FVZx30t7ZMGdcdyigc,0,0.2802803326310524,4
62PaSfnXSMyLshYJrlTuL3,1,0.18834886662531383,2
3Cmk8tpw16p5KKnvN1HTgB,0,0.18238007187495764,2
3BxsBcF3pnwOq69VZuEI5N,0,0.2537853078990226,1
4MQfntyMKsALV9J4ht9BEq,0,0.1410824942001028,0
7wHyS43lEqEMFxAjTcpARd,0,0.20767195767195767,3
0SuLAslEMFZAXf0SwY7syi,1,0.713052958855026,2
6O33G75ykzQi3JZfQByc3t,0,0.32445108592188526,0
588MPhMBqTP1IdOYPRGmZW,0,0.5567684059771687,0
76cy1WJvNGJTj78UqeA5zr,1,0.4244588663841533,4
13ZsCa2muiXhSgfz4J1LDg,0,0.1796296296296296,3
4VVfzoh8MuGWLIpcF8vB1O,0,0.7939924051035163,3
72GVdRHK49beKrC1NqRCqj,1,0.6943371943371943,3
4lDOGXgNqQZqEPA9nonR6t,0,0.4916349957814374,0
1o1Pny4JcE3LdUBeBedbm6,1,0.8050879161990272,3
2DbDefRFJ5YOfXCKOeCJJh,0,0.7303603657770572,0
7o1Pm9jpH0wFpN5g793Lnq,1,0.44197744587196136,2
6vIi1fDLoB0cXdUqcZ6QRi,0,0.19261019328608733,2
6i0V12jOa3mr6uu4WYhUBr,1,0.320198105081826,3
4PMqSO5qyjpvzhlLI5GnID,1,0.5773117586705822,0
1LJHaEviO17R5ayPKb0Qb6,0,0.18498488089994494,4
5cF0dROlMOK5uNZtivgu50,1,0.7102286541383552,0
19kUPdKTp85q9RZNwaXM15,1,0.7780224437038524,4
2KYRuoSR708PWRDaj2SZaa,0,0.31370697136205955,4
1gtujMFECzLtqLO7WdN1s5,0,0.6094423148330849,4
2uvkKq5fVKoI8AMUyB7Lt8,0,0.27249347760454734,0
1p80LdxRV74UKvL8gnD7ky,1,0.4719949626536914,4
3Vo4wInECJQuz9BIBMOu8i,1,0.8445128027119786,2
1eUvaf8Z4P2kU6flnFIzzD,0,0.42395050983851346,1
4e6ZN0EcEqYx74BTC5xQzy,1,0.5426833307653247,4
7oGZAicScQt96OAW4AruYy,1,0.5636526793372373,4
79R3qLqdbwUSYWX4cEOpbJ,0,0.7721856149035654,0
7c1Gt8oLIsVgKHnekswmw2,0,0.3790241109092927,4
05SBRd4fXgn8FX7bf8BCAE,1,0.358370178200603,0
1eQZUmC4ZBYHvOOyl1JkN5,0,0.6284449752887077,1
0hL8yBivUahlm1rhQ1a0Xx,0,0.7190136811400843,4
21QQ5b9PP7GnWl2GI98kjD,0,0.3265267693792147,0
0bILU0UiNDmA5Ff6whhb2R,1,0.37707270398235443,4
2ig2xQfH9n76wdgAipnD5i,0,0.7701272832575743,1
5QYATXoAhM9FsBv9ZdbQ4i,0,0.3180044009139657,2
2aQwdBWk4vSPWk1Csgtzdo,0,0.47336392530017585,0
6LoQHIo74tOzQ8EsLEkhgF,1,0.6552838801789576,4
25CA8QVJQrh5R05UUCaODM,1,0.561371359087975,2
4V8UAYs096q62PGVQuudbw,0,0.36533590222769163,1
3ON6Y6KAlNjOyj4wEquCRz,0,0.7991616071682857,4
4XNrMwGx1SqP01sqkGTDmo,1,0.7320876431987543,3
32XaqPVTVkkuOiOPQZ3SpA,0,0.6600173929687467,3
5g3h8gCrJwDABVoDZl69yt,0,0.1522772073814834,2
6uHcXmNcm6qU1h5yVKTY58,0,0.7056231342310295,2
1KxwZYyzWNyZSRyErj2ojT,1,0.4444246409935897,1
1WbYFNSUNn9fP1x0Z5DU95,0,0.6321411891000643,2
1TwLKNsCnhi1HxbIi4bAW0,1,0.6918462365541044,0
6Uy6K3KdmUdAfelUp0SeXn,1,0.42907965308369606,4
4kZlcEXnP90soPZLc85aBK,0,0.680844632866782,0
07KXEDMj78x68D884wgVEm,1,0.7939924051035163,3
3LlAyCYU26dvFZBDUIMb7a,1,0.21200510855683272,3
24LS4lQShWyixJ0ZrJXfJ5,1,0.2791818813105565,0
6I3mqTwhRpn34SLVafSH7G,1,0.24221500115562478,4
65cv0OI9HmwR4EmN6CWucM,0,0.5098174781936121,2
1tyfx8Ia1nTgpujgKFugss,0,0.08133406239263008,2
5e1F4YZGMOWg8ROXZyJfAA,0,0.3596202545793374,1
3FBisbTYZcpmPPAjnXE7w9,0,0.3410099262111627,1
75lo8VozcCLRG9WGG674iD,1,0.8076131760137297,4
4jL6WWKFDqCOPo2hC3VhSS,1,0.47803359326495376,2
1BllALFzMck8VAezqbpoKV,0,0.3279054916985951,3
0Dsga1306uOFIDpEoIUsCq,0,0.6619942046150583,0
0dIoGTQXDh1wVnhIiSyYEa,1,0.586536271688782,4
71QRhIccCmaxuDInqIO5xq,0,0.3998310806966043,4
16wAOAZ2OkqoIDN7TpChjR,1,0.6098931359107894,4
2QsgqAZ4SwuipP30znNeof,0,0.0708517536103743,3
2z1LgCApxLsaB5SNgJTGzX,0,0.12318395183197882,4
3d32X1JXSXTH32lyK20SkS,0,0.08936202654716231,0
1XRgIKC5TPwo7nWGyKqgG0,1,0.7764681473761553,4
6FB3v4YcR57y4tXFcdxI1E,1,0.4175184576846147,4
3zHq9ouUJQFQRf3cm1rRLu,1,0.6480636037639678,1
3oiMJQAWVaxSubJ7b2VUtX,1,0.6988616676750915,1
6315XlIxnHKvQGA4zpusuV,0,0.24079002525591622,1
7jP7iCJ1cXVXYHWIkYtP6d,0,0.5519705408331292,1
0iWFz0Q5Qha9bx325ocFWq,0,0.7447571301708877,4
65y06cXpmPD1N9NLhy1Akj,0,0.25645490591698017,4
6Swa2wkTqv5AzmeptAdn4d,0,0.4277613304123428,2
0PuUfJ1DgkMCJOeubtz8AA,0,0.270853444885072,0
35ovElsgyAtQwYPYnZJECg,1,0.27675232919688036,0
2QjOHCTQ1Jl3zawyYOpxh6,1,0.6038852485615783,2
78OdP5DHibfC0n3W9mGxY1,0,0.2851631083460408,1
0TBgMKD86t1VP3IzhxCoUl,1,0.7639623750734862,3
6aSwH4whSmRnIZGwjXZS4C,0,0.7428433879035342,4
4Xx0J00u90QvnG3rwz4Itp,0,0.48824786324786323,3
5Oa4jjIe7d4tGsXevIQdrK,0,0.6955794204298367,0
1DbZAffh8GGwW41Q3AU8iC,1,0.45811577128550934,0
6I6JOi3mf6q68dE7JxzYUC,0,0.30438939915048197,0
6JjPBQfI2Y8nIjnm65X6Pw,1,0.7181914017083937,2
4bsVr6YLbGDzERo8yVCJue,0,0.09706257982120052,3
0PvFJmanyNQMseIFrU708S,1,0.729835390946502,3
5MwIGPDKeDb7SpblcaQP6O,1,0.2914276616475588,0
3vuRYeE3ZV3FbwH6FwgaxJ,0,0.8483299594601639,1
7K5dzhGda2vRTaAWYI3hrb,1,0.5529739844094295,3
4W9XGjEUVG9junR70FOLii,0,0.593768447989242,0
6n4U3TlzUGhdSFbUUhTvLP,1,0.8351179462290572,3
4l0RmWt52FxpVxMNni6i63,1,0.6370016472127321,0
7MS7rMHWqV5FY0Z7hhpZJh,0,0.16608278315327826,1
2hrUO4drrO63i7FYbCLBl2,1,0.6936292407044982,2
3eQlGeyuSibgAGPEJugaDW,1,0.6515799928971642,0
6t6oULCRS6hnI7rm0h5gwl,1,0.3811100243614147,0
6c6WmIHcHlhccEwSFBhzNa,1,0.8082853812140426,3
4qikXelSRKvoCqFcHLB2H2,1,0.6696957630876689,1
7vjfnsnDXZGK4PSq54ISjc,0,0.8044771649880201,2
4xhsWYTOGcal8zt0J161CU,1,0.742099240877899,1
1PSBzsahR2AKwLJgx8ehBj,1,0.8269733279099482,1
6R1ArLLvqPvS3AHg9YgmrQ,0,0.4543708698198449,0
5tz69p7tJuGPeMGwNTxYuV,1,0.543723281875037,4
6EDO9iiTtwNv6waLwa1UUq,1,0.7281087819742792,1
0heNuib4Sav7wTa7WgpQ49,0,0.4627988730031385,2
56IU0nuwzC9IKvVuOy1seD,0,0.38405506549051055,3
1F1qLs8bVuxjI5kE8xOazm,0,0.5000501275791639,2
40YcuQysJ0KlGQTeGUosTC,1,0.7071542130365659,3
0lYBSQXN6rCTvUZvg9S0lU,1,0.7467730866433807,2
2GGMabyHXnJmjY6CXhhB2e,1,0.6727479782753036,4
60ynsPSSKe6O3sfwRnIBRf,1,0.6675430668832858,0
6DEaND0SHv3sC11xobZLiy,1,0.45156424553971797,0
3OzCF9i6Ey7EkkAYJztmKp,1,0.720923021402585,1
3j84U36KvLeXNDPv4t5pI8,1,0.9465020576131687,3
09IStsImFySgyp0pIQdqAc,1,0.643417467218118,0
0Y1MWB026LYxGvhq4EcMiC,1,0.2902835751672961,3
07kMiv6UkKywlCVimdpxUx,0,0.4844893405433052,4
5a7NdkF09AfD0H607eiOkX,1,0.5717022141976132,1
0UAB340gAcSMk3r0a8PTag,0,0.6209212540706212,2
5S9lfZu1YF8xKkgSsqL2Bd,1,0.6648483108431428,3
4iQFfCO7ATDe8JizP5QKIM,0,0.11198812971468038,2
2ekn2ttSfGqwhhate0LSR0,1,0.7092000755992398,4
7qCAVkHWZkF44OzOUKf8Cr,1,0.6225715977997206,4
1rUQmXEy41tXwHIKFECNTa,1,0.26813901163264686,1
0U3U2BbtXbgPscRIaGWLtJ,0,0.27684059398951666,4
6pw1Wu2oPMWzn4oJ4Ppopu,0,0.46128647310483956,0
5VgYeY1uWRuHRPIt0uz4iA,0,0.11787781241799929,1
37jTPJgwCCmIGMPB45jrPV,1,0.7037354096177625,3
2PnOCPd9oZhbLGSzzFf8Ba,0,0.13483246422509068,2
0WbMK4wrZ1wFSty9F7FCgu,1,0.7294515508770817,1
3rmo8F54jFF8OgYsqTxm5d,1,0.5812829296581445,0
0am001WwFBVGDGLwRh3ixi,1,0.6744111876128452,2
6K7tbjweliRGJ2rMT7Aesy,0,0.5671196326367111,2
1rfofaqEpACxVEHIZBJe6W,1,0.8399614977739965,1
3NSmC1EQKOdUe6KhMrDDk5,0,0.7360954303529917,4
1WkMMavIMc4JZ8cfMmxHkI,1,0.7989488611739667,1
6dOtVTDdiauQNBQEDOtlAB,1,0.6587120270252874,4
4qQwGRtGT7l6ckQtdPEFd4,1,0.6914734411919121,0
3cXEhlI2PKHEjDt39I2upA,0,0.34266909120807854,4
2phNY2bHpAbROCrpAZw2R2,0,0.7354627354627356,3
0ltWabjFKp4e1qqS93DI2n,0,0.7020576131687243,3
6qzJH7vax8R2ywupGjViy2,0,0.6003759892985521,1
6J5sxraPPZ4b0CVOGAgpXj,1,0.6069540225856841,0
4l0Mvzj72xxOpRrp6h8nHi,1,0.31313878394939243,4
6CThut6kPrjot0pTJOTEer,1,0.6937494863438886,2
1V3WzyG1pYRlWHtbT5XYH6,0,0.7321171225990794,4
6vnToAh7RIRYU4XMM2Wir4,0,0.35266664491642513,1
0QY5rPPBmMZMBVvmDckQhx,0,0.7682698356780332,4
1PHXS9pkvHwUbRPnA5XyHn,0,0.18941249281173214,4
3DarAbFujv6eYNliUTyqtz,1,0.8580504106887202,0
0AS63m1wHv9n4VVRizK6Hc,1,0.3950641335909284,1
45XhKYRRkyeqoW3teSOkCM,1,0.8807926143237758,1
4cktbXiXOapiLBMprHFErI,1,0.5573613292589089,3
4ptlAXjTGJgjrxGQ7EGn4W,0,0.5916840618902762,4
6KeD9SvXkjmbgKxOT2dy3K,0,0.20022306860391173,2
3CRDbSIZ4r5MsZ0YwxuEkn,1,0.29086845466155814,3
6OhoxQCOlfQaeEyYQ9vHfA,0,0.203358487124056,0
1h46YgHBuJqwJ50efAN4yT,0,0.1796296296296296,3
58q2HKrzhC3ozto2nDdN4z,1,0.6842932936970975,0
78Du4CMFgnhdlG33gblkiP,1,0.5715588768242935,0
1ms5tNNdPouTtcD2oVF9Oz,1,0.4626306683801887,0
3Ws514Z32R5RStEknopqFP,0,0.6885660465202887,4
0FDzzruyVECATHXKHFs9eJ,1,0.30938697318007663,3
1McB83bDNHKktZYh6GSSSy,0,0.7753962709096033,1
67g3peWMWu7Vbq7aZNe1Ts,0,0.5091231449907033,0
7COfe3P7KgfwDwIRB8LIDw,1,0.6948783408731729,3
578Eooad7oUyn4stovZiPg,1,0.7370850732133879,4
1jMjqKIBm7r94LnsPVHD0z,0,0.1462906559035762,1
6Nt8JXqD73iPp1tJLJduaQ,0,0.15088723322782113,2
6rVuwfysYo1Bp4Hoc4YuE0,1,0.6760546913523958,1
4YzYSRZTMgVngQP1iL38RI,0,0.28392468098350454,3
5R4fsCui16zT31xp9rsRkm,0,0.14535966305544917,4
7pNC5ZIKtwUK0ReSpM3P9f,1,0.6553677180300513,1
762DNrRoNdC6IyKWcPY0Vu,0,0.6464184001458005,0
6irE4Fbjbry3czv7mTxVSB,0,0.7079973960897116,1
35rSpXB5bk9ega9jsjcRts,1,0.781510882939002,2
0YpzP03QziAgqcZSCtjbl2,0,0.6688744617133363,3
1rqqCSm0Qe4I9rUvWncaom,1,0.5215474353861071,4
3Z30Gh3iEhTeQiVM47sZLf,0,0.7183898727489777,2
5Xg5bGbWHToIMSsqWxOsej,0,0.15409770970539627,0
5WvAo7DNuPRmk4APhdPzi8,1,0.8148672148699841,1
1ahAuX3F6tDdNRfMdiLsv6,1,0.7705325702033013,0
0KKkJNfGyhkQ5aFogxQAPU,1,0.8206620880660748,2
7rKR1MvQKOminlLVUmZhwN,0,0.524074074074074,3
3qhlB30KknSejmIvZZLjOD,1,0.13987784028663872,4
6JaPUxse2AsI0df7XXvetF,0,0.1311965811965812,3
6f5ExP43esnvdKPddwKXJH,1,0.44544950630143326,3
0rCFRyEy4WXjRXNpO80Dzs,1,0.5787741110816407,4
5WcAw6NAzt2cMDILhHnySb,0,0.28982361603235945,4
2d8JP84HNLKhmd6IYOoupQ,1,0.8335728471668835,2
4bZd0nRuX8HyjeXAUBczvm,1,0.536170821507859,2
5xzzxWj8a1YBbNZhNLqWuQ,0,0.3242944102294001,2
5JfzG6442R2JvJXBDfUXZW,0,0.5218655836116137,4
0SZRWZnSbvPmTVWcOjoQoo,0,0.4047560459367716,4
3HVWdVOQ0ZA45FuZGSfvns,1,0.5767999797799659,4
5hRkInDMxslZd6KTkIkNYd,0,0.3143815148124412,0
2nbzkK3mlo8LWB4t73iloJ,0,0.34972917719613433,1
6K8qKeWo5MsFED7wCR6Kop,1,0.575987684120941,0
6wJwkMo278iWVlWl1XQ4WA,1,0.4399775348840425,4
1PC0GlgxnHDhqtuUQ7v0LJ,0,0.2006524310188532,0
1BZG99C7Co1r6QUC3zaS59,1,0.17081625818154741,4
6v3KW9xbzN5yKLt9YKDYA2,1,0.5224556241894952,2
3nB82yGjtbQFSU0JLAwLRH,1,0.6371413474473675,1
5jsw9uXEGuKyJzs0boZ1bT,1,0.45163314956254896,1
7IYoh1u7dFM1xIWSEYd5B8,1,0.5972059856683519,2
0lxCvY5L6XpFWPDH3iq9yx,0,0.0708517536103743,3
4UPf2eHnblndIwxepTF0AP,0,0.5927890880713939,1
3CbPsxgJB53v51wWqcY6oD,0,0.2110911233739853,2
7q8jJ1XZEliBakZSUMFde5,0,0.5524764675190773,2
0nJW01T7XtvILxQgC5J7Wh,1,0.6262087752856528,2
5WaItWNLLLJ2P2AZyrsg9v,0,0.19700283400115923,1
3B54sVLJ402zGa6Xm4YGNe,1,0.7534932066017564,2
51ODNNDZm21HU7wI7cccRr,1,0.6232106095931601,0
4gbVRS8gloEluzf0GzDOFc,1,0.7390289449112979,3
4q5YezDOIPcoLr8R81x9qy,1,0.43819609169549945,4
6rPO02ozF3bM7NnOV4h6s2,1,0.7408495252527242,4
5M8goiFYynmNxhueYW6grR,1,0.5708281904311621,2
3vv9phIu6Y1vX3jcqaGz5Z,1,0.44391856359401993,3
2McT2fkH0VDqPsbiB9HWPq,1,0.7350982870832808,4
1M4OcYkxAtu3ErzSgDEfoi,1,0.6511200932804088,4
5Y35SjAfXjjG0sFQ3KOxmm,1,0.5908119583405411,0
76YkEVUWvMTwZVlxhYG4Mm,0,0.12214998796706784,0
789CxjEOtO76BVD1A9yJQH,1,0.4623302022391029,0
1g0pdNC4sLKV0bGBV5ngcW,0,0.349400871459695,3
6GsAD8PgHxmEuIPTG8GP3M,1,0.7183173294793521,1
26rdOwwjC2UnweK3xeS58u,1,0.741465454879255,2
6Knv6wdA0luoMUuuoYi2i1,1,0.8274190987606134,2
50DKBnjijGJ2d0WV5nqNTS,0,0.6696637692945138,2
5ya0TmUQw2wHMkq36rPsnd,1,0.5699469985632027,1
6Qn5zhYkTa37e91HC1D7lb,1,0.39734993614303954,3
5qrSlOut2rNAWv3ubArkNy,1,0.3588270663474898,1
6B1iDt4SJmWFUeC61V4W7S,0,0.6943371943371943,3
4EKH0ajMHXTkq4ztWuztVH,1,0.45600696973489385,4
0puf9yIluy9W0vpMEUoAnN,1,0.8010210196825195,2
5Ut5dDKfBUCMsWQbc3Lgyi,0,0.14881671817150996,0
2vcyfSrV7QKkxvMMl3EwRv,0,0.32433930058452576,0
5PUawWFG1oIS2NwEcyHaCr,1,0.3001277139208174,3
51eSHglvG1RJXtL3qI5trr,1,0.3571988393988634,0
1qoa9LMGkjuLJuxf8Uy5OI,0,0.0708517536103743,3
7l4feIUBXoYNfXwUAfeAto,0,0.5933025030157014,0
2kwqblYAbloVXhyBVcxEw5,0,0.1570254337159982,2
45Egmo7icyopuzJN0oMEdk,1,0.6750269605395326,3
5BJSZocnCeSNeYMj3iVqM7,1,0.636209515210011,2
3S0sk6DSTgesXsUSAEHNr5,1,0.6784007275142038,1
26BY2zbKPBdk6CZZwmuVGr,0,0.6473284310255637,0
436rdO5fgKVH3HhjA0VyFQ,0,0.1252171144971407,1
0I6V3NmtIepabp1tg4PUIF,0,0.1261280264294551,1
5HxyJa6E8OXdYKKfufrbKE,0,0.3200988330597747,0
5DzDjQNWih2eZNMeE22atV,0,0.11416888999340528,4
3bC1ahPIYt1btJzSSEyyrF,1,0.8202386154024244,2
5Wi88A08kr3Y1OZFfgwWtM,0,0.17572334382044952,2
1eTdTVIxLlhHwwA50vEzZa,0,0.5012264945657031,4
0HyuVJ4BTlsRo0MrEdBbsS,0,0.2695545128814238,1
53QF56cjZA9RTuuMZDrSA6,1,0.41374067068430653,4
35qQhUcOMO33BxV0kW8pQk,0,0.13894132509912757,2
2dLLR6qlu5UJ5gk0dKz0h3,1,0.6513969332493265,0
5maiP9UMnTSgoxPX8X3bdz,1,0.798700809081882,2
0Hf4aIJpsN4Os2f0y0VqWl,1,0.6443702234087055,0
1mIETcSwoPrJCMpd4gvajs,0,0.4272849919761212,0
5DPJRKOh4xA5aMCabNSLCS,0,0.1518695698338353,4
5XLye2xYwqnq1aOFsbP1Ac,0,0.28249083613277975,1
66hayvUbTotekKU3H4ta1f,1,0.3999529082160876,1
3w3y8KPTfNeOKPiqUTakBh,1,0.7940657460075302,2
0uXrbzsugKdlAwxQK2IKD6,0,0.42048590141093456,4
4MAv7MqIlcaTBHGiUXIWiw,0,0.7286688397799509,3
1iTWoKAdilGEmit6xhQZje,0,0.6631835597352839,3
5xTtaWoae3wi06K5WfVUUH,1,0.6303628589211359,4
08ljt6NCNAgewQaMya1URa,1,0.7360913736074148,1
1TE8AAk9koG0UJco6ZAUfx,1,0.34680232535633654,4
2bT1PH7Cw3J9p3t7nlXCdh,1,0.5293326326649118,1
1bDbXMyjaUIooNwFE9wn0N,1,0.6631835597352839,3
0pqnGHJpmpxLKifKRmU6WP,1,0.22471509971509973,3
60wwxj6Dd9NJlirf84wr2c,1,0.3639846743295019,3
1EAgPzRbK9YmdOESSMUm6P,1,0.49089181397681453,1
0NAcDFrzFFLYym7hlraGY0,0,0.16538641207737523,1
5lF0pHbsJ0QqyIrLweHJPW,1,0.5847461501640402,1
1stZ0ggEGxXvwzIRmMPdO6,0,0.7903088220738348,4
4reXo2zg1uhEIpUAacDb9C,1,0.6137472766286375,2
4Oun2ylbjFKMPTiaSbbCih,1,0.7917739824274438,4
4Fxj5bX8ZlTGw42BIkFwng,0,0.6236192740381618,4
3USxtqRwSYz57Ewm6wWRMp,1,0.4152557093689986,0
1D0PwOIdkVjW7157VR1YOG,0,0.18962670712357102,2
4uJwQujdAC3c203QHqvwT7,0,0.5510991612783239,4
7GJoMiUlL9ZBegGcIpFupA,0,0.24027701899441598,4
1JdWRS3PBZlSgKcPKcULtr,0,0.13895914955669247,2
1Nq7YzMnjDHtyqQ09NuLHM,0,0.383021852839172,0
2QtJA4gbwe1AcanB2p21aP,1,0.36712117797310495,3
3ZiOxFTHhVWe4ckApB1CJd,0,0.5362953425928599,4
1vAUsSGNMCjy8nMT7EixHU,0,0.07564954995740457,1
4t2gJmhZZejXcx67SEtsuh,0,0.500400045548906,4
5JiH89mHrv9oWHlD0T326z,0,0.592239311091014,0
2bN0VoXCagktb6yAi9942I,0,0.5225536748718627,4
2aJnyNu4PQxQ2lyj5boiMG,1,0.45994605731431576,0
3UGIZ8qcrMTwzLbx6Kttqt,1,0.8629078688576542,4
4MRT0dDbhqFKl67WzhUbSw,1,0.7639623750734862,3
0Qh38w01QRXK6KHIv0e3hb,1,0.41566716641679163,3
1yjY7rpaAQvKwpdUliHx0d,1,0.7601157088313739,0
4oR2cCQGs0Yt0Mgr2diV6V,1,0.7612209421456216,1
70KsMP2RIJDg6YAbKpWIcz,0,0.5305069775658011,3
7ytR5pFWmSjzHJIeQkgog4,1,0.8171619829414257,1
2XkT5kbEEWPBJ99y7AadzM,0,0.5376502073706549,0
5JVbvCHX10U2pLa5DEqGav,1,0.28077141601271977,4
0hy1SOTEn9ifXTzOwnCwEr,1,0.7645348180141832,1
4FWmHUJMGLhwIgNFvYm3Pb,0,0.5442764407629882,4
4nVBt6MZDDP6tRVdQTgxJg,1,0.2507453489701051,2
0EE2j2FRROnvxeHCab6Ssf,0,0.17744783919132257,1
4rHZZAmHpZrA3iH5zx8frV,1,0.6136433014358023,1
3jVtllWS5CFFWLQng8sKsr,1,0.4582434979838618,0
1810boVAzbaxqBzAwXp2ZM,0,0.5161502398869301,4
3XMyREykeptNpvd0tE75xw,0,0.30904202778404755,2
17IcI8xMok8qFNhSPRufjo,0,0.5135777956772858,2
0HappsAtiF5VJXo7v3jKRb,0,0.48863919737376293,0
1P17dC1amhFzptugyAO7Il,1,0.5432951481861642,4
7CtxZEZ7N2HcgTfff5yNA4,0,0.319420401976062,2
04aAxqtGp5pv12UXAg4pkq,1,0.29086845466155814,3
01aponripySMrxA2XTXjkV,0,0.3107222227239545,1
14gdERIqymApVn9vcsbmZ3,1,0.6778572034052298,2
1UZOjK1BwmwWU14Erba9CZ,1,0.2769559721354237,2
3fBbfrWZUuWWrMQXFISr7N,1,0.8886158886158886,3
0vFMQi8ZnOM2y8cuReZTZ2,1,0.1267565625208382,1
30RZAuEkYeDXvy46Iv6l7E,1,0.8583643134829068,4
5Hroj5K7vLpIG4FNCRIjbP,1,0.4938245144863395,2
5BxPJHZF1hm9O56GhBjeO3,0,0.15882105643115127,2
5u1n1kITHCxxp8twBcZxWy,1,0.6681582963099767,4
6vN77lE9LK6HP2DewaN6HZ,1,0.656263129053274,0
5kcogo8rmbAuu8zeQbRUGg,0,0.16830094674198873,0
5ru4gSTUUrctULaWvZlcad,0,0.4325120467017592,0
50kpGaPAhYJ3sGmk6vplg0,1,0.6357804401849175,4
4knL4iPxPOZjQzTUlELGSY,1,0.5542149806802593,0
4MagTPnkPiDuIa4P8GtW1b,1,0.7963608626810402,1
0fOdQh0inTrt49Olua9oce,0,0.3184865900383142,3
1Q9ePyZ6uZEU6Mmiux9KiE,0,0.6174025681672225,0
4IIknmEvthSXJInYkVNLDP,0,0.24007185638888284,2
5hTpBe8h35rJ67eAWHQsJx,1,0.7719742336527414,0
0uarRpkJ0fliqcxy5vCwqR,0,0.5946969696969696,3
5gA8EOXdKP9KsXsklisT3C,0,0.38984132280769895,1
6jfEZdUJ2Yla6h7gTJgKuo,1,0.6226404976404977,3
5ka2ajep9OAvU5Sgduhiex,1,0.5955685931783852,2
7DSAEUvxU8FajXtRloy8M0,1,0.7512035889888713,2
4bIZ9j4SHomHdcTjh2rfhc,0,0.2741229490706267,0
126oeltvIg79HHP4yAi4rq,1,0.7764248724662627,1
0DwClY2t9YAWHBROMIgrXb,1,0.27627248834729917,0
1Wu5ERJDVhEUDKSim34CnP,0,0.5620423771331705,4
4jPy3l0RUwlUI9T5XHBW2m,1,0.7037354096177625,3
0U4iRayct65wsaBMQGiLbg,1,0.6567190001072168,0
6aXgxeYA03veaPyHHZQaj3,0,0.2842276149615189,1
3CTYmzckYp8iCEnqCk4mJH,0,0.3693751066782778,4
3S4px9f4lceWdKf0gWciFu,1,0.6470301719343865,3
1BsrBCypJvmRdE7opPhBAP,0,0.24972308586493722,2
5nujrmhLynf4yMoMtj8AQF,1,0.8471734591595945,4
4Tt6GiWS2V9sQjZjS2xjp2,1,0.6248937740009617,2
5pziLFnvxKHEYk1DEabyb0,0,0.2769041533540188,0
5RdMiRPAp2cZfeZiNLG7Go,0,0.5418772925367468,1
6mXdCcFnPKQznj4CmMRmHC,0,0.6499119812810997,1
4G8gkOterJn0Ywt6uhqbhp,1,0.3486026594545864,3
43VXG87ajppI8mO1Mxo8vu,1,0.6794796283790118,1
436dUUwBFNBUKhYKmLAUdl,0,0.18915343915343916,3
5XKXMWPACPq51OiqzxenZo,1,0.7185683333751761,2
4WaDNrOs4CwEIvPOXTCpdi,0,0.6643071643071643,3
6mstsFlnLZidRE8K3JGtV7,0,0.29086845466155814,3
0IsIY8pfu1yaGkPUD7pkDx,0,0.8159038406524028,4
6UelLqGlWMcVH1E5c4H7lY,1,0.6838408634195239,0
4n9tc1RCBIzH94P2Q2j9Po,0,0.3456784099687407,2
6rMwYjoFvxKiaEH4If8ZpZ,0,0.5730888103687577,0
34cHrVZPJ6toBLGcuF3vnX,0,0.5904197555631542,1
3kXH9BQq0TyNliiP1MIE6N,1,0.7131858058053225,2
7lQUiU7ig8VnBUF0cHZGOH,0,0.20746408354912396,0
1BLKbeXEpR3bIWzyp3Tf79,0,0.5791778666791477,0
1pbHy9VBpSyZh56xuujZz0,0,0.7063907445233463,0
5YqltLsjdqFtvqE7Nrysvs,1,0.6540219155374546,4
1gg7VrHQD09dTZd8MzCsRA,0,0.17423522895774027,4
37f4ITSlgPX81ad2EvmVQr,1,0.45848026019573246,4
5ZJGv7aGdIr9IGpxzSG18T,1,0.7639623750734862,3
4UoHr0QnT5qlvRnhKZ4nDp,0,0.2545651059408717,2
01AbB47Hm60LTIStyzMb2g,0,0.2861866567179972,4
2bL2gyO6kBdLkNSkxXNh6x,1,0.9161990273101385,3
54PbBpquVfhfrwRwvjSXbI,1,0.5295815640001235,0
2oftIq7jZ1RmxtckArhNhU,0,0.440205678202469,1
0ZNrc4kNeQYD9koZ3KvCsy,1,0.8351179462290572,3
2c5auu2wlDjh3PqH35qzrc,0,0.5158243527808745,3
0nrRP2bk19rLc0orkWPQk2,1,0.1574862151558684,2
4EQV5E5z8vhfc6C99RehjB,0,0.37683741047491964,1
2l6XDDLJeb75safurlAsiK,0,0.2723499361430396,3
2Foc5Q5nqNiosCNqttzHof,1,0.17976915057303833,2
59ywHNwwchG4nZJMLyxSzd,1,0.6337741305719237,0
4PpuH4mxL0rD35mOWaLoKS,1,0.5643178759073124,1
5tFep7dXGd7vEJ668wTPux,1,0.7494455919079082,4
5T7ZFtCcOgkpjxcuaeZbw0,1,0.6454101306088514,2
2g11HhWmh6h2EgnMK3WWSu,0,0.33397314596269023,4
2HRqTpkrJO5ggZyyK6NPWz,1,0.7864607570013642,1
0OSP6D8g0orNXAHhfHxgG7,0,0.3652886555219408,4
6Ozh9Ok6h4Oi1wUSLtBseN,1,0.719383465560799,1
3uxOO2EPQCgEkpkdC0Tj7g,0,0.1800010284354926,4
00KyYtT6NaXwbPecina5Pj,1,0.5250422490792221,0
4sUznhMUu1NCVZYuO5mVkF,0,0.12880861156723225,3
5bcTCxgc7xVfSaMV3RuVke,1,0.7163701417156346,0
2RCQ5nfZGHGlxQkjoWE7Mq,0,0.6209813636330911,4
2iuZJX9X9P0GKaE93xcPjk,1,0.7657746126224388,3
5Ohxk2dO5COHF1krpoPigN,1,0.3628855756038436,0
7l9IqDtVWJurTvkQHq1BGh,1,0.6213440357024275,0
3bHcQsPXda18ri3WAO1xIs,0,0.17670311491358937,4
5z4rXPO6B5SSMVnRfPWb61,0,0.22391688770999116,3
2VSnwBXZLxPJoAHyDRyxrW,0,0.6623430588664804,1
2MxG5l4bd3HgVzEuY5EvMt,0,0.1685516160976286,1
41MlSJxqdr60xsfYocAgRA,0,0.2713052246293763,1
5kqIPrATaCc2LqxVWzQGbk,1,0.2835377209008492,2
2XU0oxnq2qxCpomAAuJY8K,1,0.47549371578096483,4
4YIRHEgi3ABgwGdgJkI1Zk,0,0.3166473325198768,1
63r0zgb1q1a0N5HNKAn3Po,0,0.28774849427672994,4
1kbEbBdEgQdQeLXCJh28pJ,1,0.49686753412268975,4
7xJYA6jhgw4vVEBFyoPGMZ,0,0.29776382616302105,4
7GPq5i4Dn95yDaqxdoeKNW,0,0.6393184728396318,4
07KF1lMPEgIMfcLnqTjks2,0,0.1592375846001601,2
2mlNgAeIBnL78ZriXgrRHz,1,0.24163121006579993,1
4tuD5dWiGkUHd5MGRDUfC9,0,0.4311594536222036,4
4r1p0rILitWmWr7ZYO7B4c,0,0.6121692240299603,3
0HnaqUxvHP5LaWdmWwJpiS,1,0.5229439543793993,3
2Vevs2eAQNNb7NTpKj5kqA,0,0.5568372111089661,2
4HMfSzk0UsiRhulF0eb1M9,0,0.6694454106790441,4
7aXuop4Qambx5Oi3ynsKQr,1,0.7753876262494753,1
5OGZ2Mx4Cs6RCndDRycGBJ,1,0.443296686271437,0
6F1qzxCuYBuUnKZz1ZOEWc,0,0.5186843902171789,2
1H7KnK26kc1YyellpbINEn,1,0.7939924051035163,3
6UW9S0skvWZ9PUvLti7aZP,0,0.3001277139208174,3
3Vi5XqYrmQgOYBajMWSvCi,1,0.8239583840358344,0
0C8HYnqsmiYxsKUaCBGZlf,0,0.34431929759696045,0
3ms9tJvFtCRqWMagyOnUAt,0,0.39282473681261526,4
50nfwKoDiSYg8zOCREWAm5,1,0.7512364957412564,0
4dVpf9jZjcORqGTLUaeYj9,1,0.6159281757780757,3
7zNFggZPMLBF6rLOz4XoqQ,0,0.13685575781542925,0
5RAXb67yhAe5rw5Q9nSPUg,0,0.5053455877310478,4
5myjSxfvS8pzSMK3jJcfIL,0,0.27314814814814814,3
5NQJnRpJHRaupdegphntQT,1,0.7008919344163811,1
7tr2za8SQg2CI8EDgrdtNl,1,0.804041938869239,0
1Ex29VjL0Au0nZ6WetjfH9,0,0.2909467043887748,1
0NTMtAO2BV4tnGvw9EgBVq,1,0.20211431478149075,0
7q6UVd7B02FlcLc7d13M3q,0,0.4690466328397363,3
09hVlIVHtEE1nLUv6YGZiW,1,0.46556456940666147,2
119BNEAhAdpxMP2lUqU1t3,0,0.17941788777783732,2
72jbDTw1piOOj770jWNeaG,1,0.11928480204342273,3
5DIBVDJOHh7djepAjKHWCO,1,0.5873685560295253,1
6jjYDGxVJsWS0a5wlVF5vS,1,0.5872182641954785,0
0n4bITAu0Y0nigrz3MFJMb,1,0.7681824814148243,1
0aYt10BH2QvudRK5rbnDnv,0,0.37979716106400147,3
0tUeV3UblB15D5PwMPSrbw,0,0.14582570812703555,4
0BNmpxxtfAZKa2im1oaIyC,0,0.20843760105822948,1
0A9mHc7oYUoCECqByV8cQR,1,0.1830361470696669,0
1jAzdHn0n2mODt7ZwW9S8N,0,0.5753334752376897,3
2iUXsYOEPhVqEBwsqP70rE,1,0.8471176869552176,0
2IRZnDFmlqMuOrYOLnZZyc,1,0.818889257555778,1
4S5r8rve0naIVJETA51Oh5,0,0.4659295859690256,2
0lsRatBUs9HNIZAmoGABzk,1,0.10741895973016513,1
3a9dxgyM2rbFUvmN35qTTj,0,0.36432535225099366,2
1LhMopPAallLeaeNutqbgS,1,0.49830242797254076,1
2j5hsQvApottzvTn4pFJWF,1,0.6943371943371943,3
3p7XQpdt8Dr6oMXSvRZ9bg,1,0.3227525292071628,0
7uo4haz4VHCmrjBO0sZXUq,0,0.14424778553196144,1
3jjujdWJ72nww5eGnfs2E7,1,0.4398815227143556,0
1NRrlwFxkrEr2ZnwXJAXWe,0,0.19444513928808851,2
0CwiF8zPjl7ESC6nDnBvPo,0,0.5692286174045016,4
2FY7b99s15jUprqC0M5NCT,1,0.41496934691189136,3
4lhqb6JvbHId48OUJGwymk,1,0.4448895947816654,2
6yARPLK0PV4heEyh7pVMGz,1,0.5531004274385071,1
1S1SmyaFUHdAVAl16eZlgj,0,0.3563730135797433,4
4lIxdJw6W3Fg4vUIYCB0S5,1,0.614785271354537,4
0QHEIqNKsMoOY5urbzN48u,1,0.7578474960848317,0
0DWdj2oZMBFSzRsi2Cvfzf,1,0.8654209765320876,3
0o6V0Ij0wf7nZiTxPTiWgQ,0,0.24891535698934178,1
7sHGrG2Xo1UQ4mSLZLpyY2,0,0.16109277178065726,3
20R4HfKloPKgXDqU7UKk3x,1,0.41433049349526474,4
1wWZLW9uN2gLHkpx5MlfHV,0,0.5216704011267934,0
6s9m5J92By7jii22Q2XtY2,1,0.8050879161990272,3
6CjtS2JZH9RkDz5UVInsa9,1,0.569390598094538,3
2vwlzO0Qp8kfEtzTsCXfyE,1,0.5060800590899913,2
3QGsuHI8jO1Rx4JWLUh9jd,1,0.6648966260017212,1
5pfJsMwoRYKampPay8amX0,1,0.7020576131687243,3
6t2eIONH4Sax3R21QWiKNp,1,0.5452750824024685,4
5f1joOtoMeyppIcJGZQvqJ,1,0.7196612506637813,2
0moqpuDhgttCjbCW9eYtNq,0,0.49396295241220783,1
0Rm85lKJ6ekRvWTF3msFXz,0,0.33620689655172414,3
5b2bu6yyATC1zMXDGScJ2d,1,0.8148412150197294,4
67awxiNHNyjMXhVgsHuIrs,1,0.2613837866461495,0
1rkfJLgTlB6XYNjgZ0sVaK,1,0.7222957084068194,3
5uCax9HTNlzGybIStD3vDh,1,0.2974542630511066,0
4E0v7I2QmiTFDIDJuP5AeZ,0,0.43913719796138556,0
77e1d8pVDGq0z9Vl6NGPwS,0,0.320198105081826,3
3DmW6y7wTEYHJZlLo1r6XJ,1,0.7928963500660663,4
7hHeAw2ll9ZuWlg34XhMis,0,0.17543887021508334,1
3Yli7uWdYoxhtC8lsQEKC3,0,0.12880861156723225,3
5enxwA8aAbwZbf5qCHORXi,1,0.3769009938283938,4
7ANJBj2j4axvayuxdnKqoS,0,0.2723499361430396,3
3rUGC1vUpkDG9CZFHMur1t,1,0.7837499568150207,0
4umIPjkehX1r7uhmGvXiSV,1,0.7592000733173916,4
1JCCdiru7fhstOIF4N7WJC,1,0.3557726604995961,0
2Rk4JlNc2TPmZe2af99d45,1,0.6478303589307517,4
1sL0UTiQcgcoaYgRlkR3Y6,0,0.5517982740334079,1
7zsXy7vlHdItvUSH8EwQss,1,0.6273721956333442,4
6MVsglpCXFeS8sY2aGU8DN,0,0.40830855185092724,3
20DfkHC5grnKNJCzZQB6KC,1,0.6668708135593575,1
2IGMVunIBsBLtEQyoI1Mu7,1,0.6397958967407728,0
1BxfuPKGuaTgP7aM0Bbdwr,1,0.8380453500272598,4
7pzMu8Y4MfwSgbuqJGcCw2,0,0.5305069775658011,3
1jaTQ3nqY3oAAYyCTbIvnM,1,0.6266732902887989,1
7yNX3ZFBWZoR52pbeU4Mcl,1,0.5717712499155884,2
65y9gkCzkq6XEzqzrI221z,0,0.7966410652923961,0
0qvKgNrG1NGD2gfmWPlY6a,0,0.5595731489212635,1
5vUnjhBzRJJIAOJPde6zDx,1,0.7725625995883161,4
0oJcIWQvejgUi79vtH8x80,0,0.5601532567049808,3
7kDUspsoYfLkWnZR7qwHZl,1,0.7189575369419515,4
7BKx7RIo6NKZOTZw7ht8tT,0,0.0708517536103743,3
5amnF5J2joZnGLJnyuyLkm,0,0.2871880220809546,2
7gZXCjAy6nxKCQWLEeX4LZ,1,0.26565236804517595,2
09mHLXMh3rmruStxevfh3U,0,0.21200510855683272,3
2f4K9nhN2RaRsMGaXTO3zt,0,0.8291569940412525,2
1i1fxkWeaMmKEB4T7zqbzK,1,0.629013629013629,3
6XHVuErjQ4XNm6nDPVCxVX,1,0.7071542130365659,3
4kte3OcW800TPvOVgrLLj8,1,0.5325767220908304,4
2UIUM6WSATp3fK2rgBwB6J,0,0.3700456275307749,2
7DnAm9FOTWE3cUvso43HhI,1,0.6656975405535986,1
7cRggVoZ18mmvIN2EcSQ3J,0,0.5478778612045793,2
4iJyoBOLtHqaGxP12qzhQI,1,0.7807247132427118,4
6fDlK6P4s3BVMls9EmfCWI,1,0.7100317545710938,2
5yhKaacMZGRo4s6evJx9vk,1,0.7941619051569827,2
1brnLTvarI9D1hLP6z2Ar8,1,0.5308828977941406,0
13P5rwmk2EsoFRIz9UCeh9,1,0.46147210961724205,1
2DQ1ITjI0YoLFzuADN1ZBW,1,0.7161646528240085,2
3LEiqJm0Q2iwUNZ8t5PDqe,0,0.04786324786324786,3
78pn8k7RogKo2oxl0DyX6d,0,0.6178650835426647,1
0J1YRLYhTG1MBosjidD7OI,1,0.782426455602899,4
1at2p0RehzTXaFZFhlWXua,0,0.30560091947039675,2
5G47DlluL671zo0k3OhoSm,1,0.800256998324631,3
2sLwPnIP3CUVmIuHranJZU,1,0.8883563219402099,4
5ggWRMAGb5XhVN0bbCQBZ6,0,0.20276655088675186,1
0zMzyHAeMvwq5CRstru1Fp,1,0.18316634459474546,2
21bRzGDnsSLUjnVV07LSCA,0,0.42223020130282607,2
24aWQFM1p8zbVcbDt93OIp,0,0.33596872388485216,0
3CjVigooVCgh0kam8sHYkN,0,0.4996393090247628,4
2Uak7X78uNFUuEsA22GLT6,0,0.2331947934857396,2
02VBYrHfVwfEWXk5DXyf0T,1,0.7358009773995949,4
7ju97lgwC2rKQ6wwsf9no9,1,0.4998519383838125,0
7xUv1Igrk1WG79VfD0xsXS,0,0.5753396070711568,4
7FC9Lng8iXU081lbigu8m8,1,0.2898593868775635,4
1vYXt7VSjH9JIM5oRRo7vA,1,0.6483933653559087,4
7p2UuZUwgke4lSW9B9mgwG,0,0.10613560591625254,0
0tEKvFDyMqytiKeyVCdyHf,0,0.5240765738646734,2
7gFqTzz5tl3xKn3GmfH4Md,0,0.09669411129799932,0
2vlDrKpOC0eSTqTDRcbYyw,1,0.4053916576132531,0
1zB4vmk8tFRmM9UULNzbLB,1,0.11928480204342273,3
7rrWWr43Qc5aXED95aNfxq,0,0.6052940627315421,1
3Kkjo3cT83cw09VJyrLNwX,1,0.5454542623082395,2
7gpy7sfWPNuOKmUNs3XQYE,1,0.29702026270931753,0
29kQS8jVf08MEp6vFCF8Ot,0,0.5725864315768868,0
1b5mYf9KGaSwNpIeFeY1FP,0,0.25146197835665035,2
3iYEsBl8NBq1o1j5uY2Noe,1,0.6592765640029677,0
1bzM1cd6oqFozdr4wK6HdR,1,0.5206552706552706,3
7xcUWyLh6fIMsYjoVI7NnZ,0,0.5273078272436124,1
1K39ty6o1sHwwlZwO6a7wK,1,0.4222253885407203,4
4tCtwWceOPWzenK2HAIJSb,1,0.8026437550276517,0
2WnAKZefdRHxtBEkRjFOHC,1,0.7131966492626326,4
3UyszddHSXiGMz3zVLOLRN,0,0.5659382518913604,2
0PJIbOdMs3bd5AT8liULMQ,1,0.7940513061680811,1
3nbdFDFM4Qq9CCrpSmKFEl,0,0.6252389990044328,4
2OzhQlSqBEmt7hmkYxfT6m,1,0.3195561127995679,4
2ssK82MQkZY7qJvQeJc1Eg,0,0.586024070490676,4
6iMlgxnCWO9On1xaVH9NEL,0,0.29426801109831197,2
7jb91qnNv2R1XdrICW4A0y,0,0.2723499361430396,3
7EQGXaVSyEDsCWKmUcfpLk,1,0.4470596929250648,1
5AnCLGg35ziFOloEnXK4uu,1,0.8089306860978409,2
1jF7IL57ayN4Ity3jQqGu0,1,0.3479758828596038,3
1z9kQ14XBSN0r2v6fx4IdG,1,0.19117590051673913,0
0SyCiolhBfPZNivoisaqGY,0,0.337855710341378,4
3f74yUzjdr1P2xyAsBxPHf,0,0.24272061200499043,1
14OxJlLdcHNpgsm4DRwDOB,1,0.614593225366366,1
6St3D4YAUdJmLpXx79TaMk,0,0.5201712869055668,3
0EYvgaUy9DrBh293VywDew,0,0.15228317647340664,4
6U2tdXbNc2MLcgSTvDrb5L,0,0.22088937771644787,4
20BOju91NaEFK5Py4VJ2pp,1,0.8623593632139023,1
0i5el041vd6nxrGEU8QRxy,1,0.6657865335438066,0
2wujUp0aQsgQsXaDYXbQsf,0,0.43342911877394635,3
7uui6vJjtVTyFBvsAhcXOU,0,0.2061965811965812,3
0wHFktze2PHC5jDt3B17DC,1,0.6649049348366762,1
04DCCbYhogCn0M5mdTgbhd,0,0.11065167655307045,0
0RxtndMsfgaTzHuM5C3BBg,0,0.44801532186974097,2
6KmrCHbuNOsdoeDOpwetr7,0,0.7320876431987543,3
4pAl7FkDMNBsjykPXo91B3,1,0.6324159311158872,0
0wXThIDxO3YRJCpPgnmbkw,1,0.3553107150332368,4
0SGkqnVQo9KPytSri1H6cF,1,0.5250836120401338,3
4NPJJpgmAb29HXKgzU396B,0,0.497305834262356,3
3cHyrEgdyYRjgJKSOiOtcS,1,0.8523246819693902,0
5oO3drDxtziYU2H1X23ZIp,1,0.7818390819784402,0
7FpBQ067pHB67deawpbbcY,1,0.6060369131223752,0
1a73gcEg6h6Re6hHXoVltJ,1,0.7037354096177625,3
60n0qy7AhVhoBJoH6IY62b,0,0.2830740340713405,0
0l1KmytAjlHMSni4mjSFFz,0,0.19375336169983007,2
2FdlazENi4Cz960NQP8vQF,0,0.35320855048220406,1
0vbtURX4qv1l7besfwmnD8,1,0.5689456750207026,0
4ZzbcSm6MxnC15BcDqEYyK,0,0.29086845466155814,3
7a53HqqArd4b9NF4XAmlbI,1,0.5786336885177378,1
0wI7QkCcs8FUQE1OkXUIqd,1,0.4006834961536574,0
4cCGGuqCQMeNsa7DQPrx2H,0,0.11164535482859674,2
3VjxkoKZ4UvDrkLjw9hkyp,0,0.128544061302682,3
2JzZzZUQj3Qff7wapcbKjc,1,0.7530576840222009,0
5CCr8msaN3MhgqBoa9yWhH,1,0.8305600286276614,3
0lx2cLdOt3piJbcaXIV74f,1,0.4485968853650683,4
56baab14qPpWQDgJAz8Yql,0,0.26257723490929274,0
4h9wh7iOZ0GGn8QVp4RAOB,1,0.7441605965549006,2
0oCNRAmwLo4zHDpCKpjQtI,0,0.2379119429713953,2
1BTj47Up5m8601KOFrTvkj,0,0.6201369927421622,4
2bJvI42r8EF3wxjOuDav4r,1,0.8443035952974164,1
6b8Be6ljOzmkOmFslEb23P,1,0.8457907461914417,2
2tJvfpgftWLqbn3lUwnc7v,0,0.3120035575548888,2
52okn5MNA47tk87PeZJLEL,1,0.6242350153797758,0
09CtPGIpYB4BrO8qb1RGsF,1,0.6963783626104377,4
0FZ4Dmg8jJJAPJnvBIzD9z,1,0.797944156464773,1
3NLnwwAQbbFKcEcV8hDItk,1,0.7212417694660203,2
7qvxFz3JodM0A7xEM7k3YD,1,0.37333870707322897,1
7g1KHFtfJF1Xhp3QNIoEfH,0,0.13100614797643262,0
1hRjSRDp3yJUnOOPHSphps,0,0.7750001296658103,1
2yS9BlRbvQ17F0Vp92kvcj,0,0.5665887633117147,2
040I32EKLxQrkuxQu1pqvT,1,0.34699311106998865,0
7LdeARrgXe9xRNlT9JCd6i,0,0.48300088843896233,2
2Nfl9Z37KVuVtao3utRNjc,0,0.11773025415492662,0
65ACnVMmePTp8Xdk11jP2y,0,0.7834211970559523,4
2YlZnw2ikdb837oKMKjBkW,1,0.4331231745169239,0
1WThEmIxSyaqG6fVsyCmcL,0,0.5647991298644249,2
71BGZTni94TaPoMjPgDHKj,0,0.41204174902729057,2
7vRriwrloYVaoAe3a9wJHe,1,0.5229439543793993,3
09ZzQ0L2JGm1PHMCcUL9es,0,0.2614850044571137,2
05g8odKZNtmjsf37iVe26n,0,0.13885532439753537,1
2TR7A4ulH9R1PNwMyd8o8U,1,0.7863697136859663,0
6Sn7PcMw0AxV5pB5epgbaX,0,0.18364929691377305,4
0XrA3wDvlZEWUuIKK7WRqd,0,0.284264975155394,2
42UaTVeWaNaME7ttu61ykG,0,0.4683462532299741,3
6AvfZXpbb6r35DfF7gHPRq,1,0.5506853006853006,3
7iMoHcQI7dE0l8XfejXAdX,0,0.2702115753527577,1
1NpW5kyvO4XrNJ3rnfcNy3,1,0.6144793569476833,2
0SqUFLaRXwufRUsJ0t4dXB,1,0.5975714845280062,3
1IMDvlrTNMRgAV4lY33Q5v,0,0.38445445085164337,1
3wx2kQWPn9p5UppQbNhPAk,1,0.7154826136810982,0
2TREpB5pOlxXpzbREZn1LN,0,0.6446882953684584,0
4SSnFejRGlZikf02HLewEF,1,0.26104458018077015,4
0a74XCJcWX9mFvLUMdmjNV,0,0.19841623635726624,0
3fNaQSMgFrYTkTshRX7J1u,1,0.7419044605625604,0
6QFCMUUq1T2Vf5sFUXcuQ7,1,0.8415613549525198,4
1nueTG77MzNkJTKQ0ZdGzT,1,0.5599445599445599,3
01uqI4H13Gsd8Lyl1EYd8H,1,0.28392468098350454,3
22VHOlVYBqytsrAqV8yXBK,1,0.6059418898406141,1
59CfNbkERJ3NoTXDvoURjj,1,0.4483645107812193,2
5L8C1PZGCpZf8STcN79H5j,0,0.5158243527808745,3
0CiRnuzUmOlm2rPxRTD2nY,0,0.6540780489945882,1
5Eg4TsPcqNbIjd8ADMZosg,1,0.6463869272945738,1
7auPqljdHNJQdfGmoIJv8T,0,0.12506445590683088,1
4RVwu0g32PAqgUiJoXsdF8,1,0.5461926034066854,4
1BnnIIWBEzKEeri6z0Rlen,0,0.37604527514457065,2
5z3pmQEfKB9AwN9aFn4PQn,0,0.2793844455869848,2
1EJIcDYXwSqipW5dFe4uJz,1,0.7437663839011304,1
7JE9Sz07lBFG2j020vnx7C,0,0.07327719613266685,0
6TDZDeTpzDl4v4cbqECsmQ,0,0.3790560649554695,4
39Yp9wwQiSRIDOvrVg7mbk,1,0.8146854663342422,2
77lGafvlU68CeHgB2pkHC9,0,0.4532512077965453,4
2TAVBD7uYxrkp5Ca3nCyan,0,0.18915343915343916,3
0W6I02J9xcqK8MtSeosEXb,1,0.8090619180192019,0
08wUcJKJ4TvbPOYwfzavt3,0,0.33413198662891425,2
3RiPr603aXAoi4GHyXx0uy,1,0.6771241830065359,3
1ZIKpMTRPqhwAoVXWY3tXI,1,0.37652407956648565,0
01vv2AjxgP4uUyb8waYO5Y,0,0.2546296296296296,3
4ExfBQfuuU0v07p428cmLD,0,0.27482478598748084,1
05K6g4II3MhrAdX2oOl72y,0,0.2059274376729083,4
5lNuqFVMca4vPupY10cH0J,1,0.4920669455262261,2
5wsqsHO57y8iWki0KErnIu,0,0.2899479506718246,4
1rq48Sf5rX0NHj85aXUNEb,0,0.29086845466155814,3
0Ooyozkp0kmElMwAzFFZLR,0,0.17877495437111116,4
3Dv1eDb0MEgF93GpLXlucZ,1,0.6801593376998264,0
1gugDOSMREb34Xo0c1PlxM,1,0.7236029704068354,0
6tiKwZppNjrls8RsPQwK6r,1,0.7763710104060598,1
2FQrifJ1N335Ljm3TjTVVf,1,0.707760654718081,0
4k80K0b6KZ2QjAYkXON7q6,1,0.587235793867772,3
0K2rV3vi4Kcn0a60XkiFkK,0,0.224822712470044,1
4wkQmYpAaMe41Rc3sYZ7Vz,1,0.5472145974457466,0
1Ib5tLTFz8teJPcxZycpj3,0,0.7268223919474779,2
7seTcUFOhn5caSDbiSfsp0,1,0.8551854622730244,4
7a86XRg84qjasly9f6bPSD,1,0.3868490677347208,0
1pVVCHc8awfVbVmAlfpjRL,0,0.24041521621435394,2
60bwbplTn6F5WGlDbFizH4,0,0.12379296950028366,4
7a5WVvAqdpvoZ0DZmw9LgW,0,0.4486815988738089,1
4BY8C5eGptvIsmVakAD5kw,0,0.3162189362788978,4
2GyA33q5rti5IxkMQemRDH,1,0.4384037390254851,2
7hiBhOh4s8G0xmGYBAjyuw,0,0.40566227432999113,4
2KtGiBi5CrX2ERPD2PAS34,1,0.7460890951389615,0
1HXy5I3HTWq8OvxCn0z7G7,1,0.5415776643055227,4
69uxyAqqPIsUyTO8txoP2M,1,0.565193100076821,3
5kNe7PE09d6Kvw5pAsx23n,1,0.7861460804724757,1
2diG4h1sYNUIsFuOrdI9Dz,0,0.6239159722700417,3
7GKa1bqDrR3X86WJbPhdjI,0,0.21705846945047788,2
41NNPqgD7ZLIMfHLSZHF4A,0,0.5181486476680152,4
0FHIq5cBB5ef1G15erWB4w,0,0.15377531791077861,4
2KqJC0koTBUyDlsMt5ok1V,1,0.7086870115449492,1
6ehSzG0xtmu08y44FK3c3w,0,0.30938697318007663,3
4nK5YrxbMGZstTLbvj6Gxw,1,0.685065072886824,0
0qXB712p0kz9oBUnyYFlr9,0,0.8351179462290572,3
4R0wmsPPh4ykxTidxkh8wZ,0,0.5901832867350109,3
7nERlpaH7QghaO7jC60Xtu,0,0.37262096848984866,3
4bIm4FMRH7wDXsOEHHEBz2,0,0.7060762685263219,4
1WoOzgvz6CgH4pX6a1RKGp,1,0.6485692260327188,2
3rHKQceCHKNPfkyDLQUtLB,0,0.19814814814814816,3
0owLVkfqH7az9VpCeYnTLC,0,0.13717304604810857,0
3f6GtDW4mmQGyR1evmZgoH,0,0.39307832988088803,4
0MA2KPJSwDlyuZsn9AObCe,0,0.28418859976900934,4
4mbVBOnlDb9pNl997oyyXR,0,0.37306609131392393,2
0336UwEBwBBao8uWCuugYr,0,0.2827323012822636,0
7AbMI7lGeKQDEnIDpmSvHn,0,0.38924171652211975,0
4L9Ds4mpD3SuYoWwFUlv16,1,0.5436849091186261,0
7l0u38sWDqqk6TySNOZtO3,0,0.6572243487480472,0
2ZDVBd7dVE7LUkzRJ4Z33k,0,0.35300811371479884,4
7HLkxwqysaWLC0hOAGkboA,0,0.42198536498793277,2
7xDd7gl6AGgpiOz5trz4dM,0,0.43024132730015086,3
5zUQZjVB6bfewBXWqsP9PY,1,0.604117789276862,0
46IZ0fSY2mpAiktS3KOqds,1,0.317962770655609,2
3ut6ZIaZrFaZOHbpO5ptDA,0,0.12880861156723225,3
2kJwzbxV2ppxnQoYw4GLBZ,1,0.4853007746307331,1
0BSAoLiwvKwwwu4V2F1LU5,0,0.18782383687608536,1
0gqysuo5JAFi4J1chidYzK,0,0.4599691741733299,2
2lMnOVKVY39zI8Op6KukTg,0,0.3038369365083195,2
4krZBMENG6coQYEaZkVvHP,0,0.2134809246836252,1
3TGRqZ0a2l1LRblBkJoaDx,1,0.5731210160539161,2
6wmAHw1szh5RCKSRjiXhPe,1,0.7430147066660626,0
3EWHYQR0hpbW4Uns2wXn2M,0,0.43133462132653627,2
4VUwkH455At9kENOfzTqmF,1,0.5807318376629186,1
3ZCTVFBt2Brf31RLEnCkWJ,1,0.24898834229676833,4
6RNzAJwQ0v61Z0emjsrJu0,0,0.11289124700352578,1
17phhZDn6oGtzMe56NuWvj,1,0.7178022025126167,1
4au7FRcgZzChASRYu279xH,1,0.810875894204338,4
39UYMljdF8EHcry9izkB0h,0,0.5334938105453978,1
7rPLYmabWMobWhoIqZe6rh,1,0.6175206534381541,4
1sFqfjMzxrwyvhL8785yUL,0,0.10331321776184375,1
4NYwy0R3NdvORX2B6OZXBT,1,0.6755101323456615,2
1I93YiKgu2P5pwprWmziPI,0,0.5194366623614125,2
4OFDoLXwsOTG3XpQIwm31n,0,0.1458517536103743,3
017PF4Q3l4DBUiWoXk4OWT,1,0.6199109854930315,4
3sITSLYWVirVIeYQi6BGnR,0,0.3641105117610523,4
1No2CqopteR18XVL4RJHNO,0,0.3368999943936557,4
4jbmgIyjGoXjY01XxatOx6,1,0.7588422666722939,1
29gsi1zZrZxdStACmTQB0Z,1,0.7909238461088574,2
0hquQWY3xvYqN4qtiquniF,1,0.6687940946402069,0
5gLAzsggXSYANkyhByrPhj,0,0.4455084582185072,1
5KONnBIQ9LqCxyeSPin26k,1,0.6332431742333225,4
60nZcImufyMA1MKQY3dcCH,1,0.6875491758033059,0
3Klyjz0u1mHmE8n1x0PA6N,0,0.3691967829898865,3
5odlY52u43F5BjByhxg7wg,1,0.6569721430832541,3
2uvCz2eDTuFbtqfOThHNVZ,0,0.22459928913171792,0
10xuH52YSXHWFwCaF1fsDd,1,0.700945446103907,0
5sO3dlWR9R6ZsBful1axop,0,0.15817651758240106,0
3k3NWokhRRkEPhCzPmV8TW,1,0.38130012564812854,0
0rFZaQ4crlGAzuCjWCQ2xu,1,0.4341856849353101,3
1kAqJ6mrYgpG2DTybn2RG4,0,0.3092273307790549,3
4wFUdSCer8bdQsrp1M90sa,1,0.6309166932696961,2
100fEZFV7ONBO7DwB4xTqa,0,0.20785354909798825,1
6SpVp6ttad3XJOsjKBZwaq,0,0.6729223403112562,1
0s4vH44Dc6VwPdmW2k6YXR,0,0.10848383411725004,1
5TqBAOIBe0bQA0spNdcG3k,1,0.8003906781210652,1
0bHA8LApeZHv7ZlhVUWg8X,0,0.3522015888962993,0
2Auzo2tKwP2fIQPKBZ11s0,0,0.46801971120394487,1
22oEJW6r2rMb9z4IntfyEa,1,0.5235751293740324,4
1j8z4TTjJ1YOdoFEDwJTQa,1,0.7416459043197715,0
3j6CeoBBlm40Msn1JE1SPD,1,0.6532391739857308,1
7nUflbCfoSFYiBOGH5D81R,0,0.4075025320686974,2
2foGtJpz3PDELLCWu2gCe3,0,0.0708517536103743,3
6XFKj43f1HnKnfKmuPtBfG,0,0.2546296296296296,3
0JzsS9y8MA3rtDwyyYbFr7,0,0.5567344532861774,3
65VKOL7hGP4CRV6TdWjtLT,0,0.31497236828624015,1
4B0JvthVoAAuygILe3n4Bs,1,0.7470197802931332,4
6xyJHp3nAJGOc2Xy7ACsg1,0,0.5877513622567835,2
5tckzAI9BAU2GK5iYHPpjz,0,0.3763804372323642,3
2Gyc6e2cLxA5hoX1NOvYnU,1,0.742516087287452,0
5KodOrv9iFso1iYp82eVhF,0,0.28431517526507655,0
6vNfvtQwB8eGn3DnSXyk9N,0,0.201110056958686,2
5NxOosmXq5McWniefCbprW,0,0.6084642244813834,1
56sxN1yKg1dgOZXBcAHkJG,1,0.5192364172736607,1
273dCMFseLcVsoSWx59IoE,1,0.5377712146990536,4
7BKLCZ1jbUBVqRi2FVlTVw,1,0.6598713884437396,3
2sATwoh0uEuNziKfgqjrjL,0,0.46388888888888885,3
0BMTvBsRQfJLNfW0GYPZ1B,0,0.14151467099517148,4
6gTJaPuj8DT8RjuDJyBgzP,1,0.4682715216533356,0
4z7gh3aIZV9arbL9jJSc5J,1,0.36712117797310495,3
4roDTLs05yU9RpSBqwfKQ3,0,0.39734993614303954,3
3V6ktv9W5fdOCmmEnYYZaH,0,0.6737053795877325,3
4q0OK0HRaLd2Wzz23GeApJ,0,0.28019173122877,0
7edN1zsBhEfrO2OJhhIPw4,0,0.25907883426959605,4
2lEeh87BISbHK5XjsMlCiq,0,0.6018099547511312,3
1Slwb6dOYkBlWal1PGtnNg,1,0.5138069714786291,0
0NXdEilH0yJc3HOODuMIEL,0,0.16980917137980403,1
3yII7UwgLF6K5zW3xad3MP,1,0.7018418899725615,4
4tYFy8ALRjIZvnvSLw5lxN,1,0.8644207626634793,2
488HG8lR11JswT2YgcWGRB,0,0.6589701124035299,1
6sZQyx63X4cUvXV7Uw1YBw,0,0.38475445173400175,1
3c8QXE2NQBVrtMSTXAofor,0,0.22527370952402812,1
5gcHwKLoaEmZqaj5p8y6W2,0,0.14105041194919213,1
6oeLRk6L06XqWiP2830u90,0,0.12408611113052082,4
1vPMo827Rf7HQbS49ncYxy,0,0.4844353129243424,0
2GjMaJ7DacMIkgoe8oMXGg,1,0.5879505422540107,1
5pyVqlqThcxI7tPDjHIzPh,1,0.28338278382650567,1
3PfIrDoz19wz7qK7tYeu62,1,0.4958957332854131,4
3leU60CmDPdaQr6AAzZfaf,0,0.21834201072120266,4
2tpWsVSb9UEmDRxAl1zhX1,1,0.6682820027229212,2
2UMeGWmUri9RVpmckPV9Jt,0,0.48585965575632367,0
0VeY09ocN1OPvmvKrRd5q3,0,0.7851644998925336,3
6Ozt2lFtENwNEkdTygR6k7,0,0.18915343915343916,3
2Kh9rsAMKERCnPa9nRMxKv,0,0.6813749208230376,2
7bBvrOOwK8xLCziAyTD7Mo,0,0.4144932132885684,1
0t7fVeEJxO2Xi4H2K5Svc9,1,0.6053182331138602,2
1uTMc2fWzwpGjH498FMrQT,0,0.22166725729906342,4
2GxrNKugF82CnoRFbQfzPf,1,0.7304297616622927,2
0PDUDa38GO8lMxLCRc4lL1,1,0.1486006044648053,0
6j9iyrrmqWlQZ5SD1hSTaq,1,0.6903032064118412,0
2tDo8TqJfrQGwtUHxRXP7A,0,0.5483585038472749,2
4DSmjbIBldQ2oeq178I5Du,0,0.359069787935477,1
4FdPnT2cFrpWCmWZd7GXc3,1,0.6558525068502571,4
6KBYefIoo7KydImq1uUQlL,1,0.6940004239488919,4
4wFjTWCunQFKtukqrNijEt,1,0.7724078500412661,4
7GgWAITsYJaRM3r50rfh5w,1,0.33028828278938366,2
4X5f3vT8MRuXF68pfjNte5,1,0.7705831367176698,0
4cluDES4hQEUhmXj6TXkSo,1,0.6118735468330675,2
0q75NwOoFiARAVp4EXU4Bs,1,0.7599737596567011,0
5A6BJLZArq1MPjsnmcuk5f,1,0.48046876844162245,4
5QDLhrAOJJdNAmCTJ8xMyW,1,0.6821821021841145,0
4ADNavlMOA9rx9hKw51PCW,0,0.8021677465051127,4
645og273nQFbY3Tmc1twSR,0,0.47479654201704063,4
0Dc7J9VPV4eOInoxUiZrsL,1,0.7659617824206025,1
18vFT7KICrGAJB0BiK0HPn,0,0.637095355942369,1
1Ip2m42GTwiaG20hW7dtuZ,0,0.47458468571621815,0
2V65y3PX4DkRhy1djlxd9p,1,0.5235264334101543,3
3j1xkzTW8owIphkWV51V9s,1,0.7361823309859679,4
2tHwzyyOLoWSFqYNjeVMzj,1,0.7699378455600402,1
4detZaj6qfObdW7h9cHnFz,0,0.08233858195518377,1
3BFXgZr628FqwDP3pQCgvk,0,0.33088235294117646,3
5BrTUo0xP1wKXLJWUaGFtk,1,1.0,3
1LoriJC05IrHIDwj3q0KC1,1,0.41383070503657615,4
4LfkoDOt4mhrbo8Ndk37sQ,1,0.7165317089719662,0
0XdGQteo5INHpsDoncsDDq,0,0.1473606660722248,0
0DiDStADDVh3SvAsoJAFMk,1,0.8131687242798353,3
35mbcaHv0tGU3LksXeLMKM,0,0.29086845466155814,3
7JJmb5XwzOO8jgpou264Ml,1,0.7406054120130712,1
5qxPabNDnJQ551Tf4v6k3j,1,0.3968190932071465,4
6BtmXhTJMM9sBTHeYYASGz,1,0.30938697318007663,3
23pL9muwrxg6ZZTp0oErBL,0,0.4031497758465938,2
3qV6M1cI4McX7xSLzLQa3H,0,0.22118754301661747,0
6vt0I1cw1YmAIKDJvHVIM5,1,0.7568078242384703,1
3NVO7DaMPP3RZEi8ilyvW5,0,0.7225221200071988,2
2Zo1PcszsT9WQ0ANntJbID,1,0.5500622594551112,1
5DytoQiHZs79ksP2Re1RmZ,0,0.2864754044845182,2
3xkHsmpQCBMytMJNiDf3Ii,1,0.45047565745867235,0
6SwRhMLwNqEi6alNPVG00n,1,0.7859059353729775,0
6Vpxd1nbOBGlXPDkQX640E,0,0.6294112322795411,4
6RtPijgfPKROxEzTHNRiDp,1,0.6545810266894053,0
7cSgDrUh6ZAv25JgOPlyOB,0,0.4655920808242726,0
4XkmtOHgvRbINOOctmsX3M,0,0.34639209471763155,0
7AZfvK2OPF21vBJDmTdn8p,0,0.16334325869203944,2
09qyIW5B7MuNUxQnDIZfVG,0,0.45390382502551274,1
7AaF6tFXgW779oBVBsyjw2,0,0.5308124652033452,1
1CDBn2Lm7E63XKQDsdCq6O,1,0.8001632010860594,1
6uBhi9gBXWjanegOb2Phh0,1,0.2638606874486827,1
5z0Wa1EiCoaUafx83WszRY,0,0.3035780348126233,0
6D8y7Bck8h11byRY88Pt2z,1,0.7933755142650384,4
2SWqkpJmHPnLFaEf4HW7xr,0,0.40496903868956524,2
0jdny0dhgjUwoIp5GkqEaA,1,0.2884097060403428,1
3N18UD3tL8TPKsiUWN9YRR,0,0.3072218703210348,1
0QBzMgT7NIeoCYy3sJCof1,1,0.815970391622353,1
7cccb7pKQqOP9JntsWokzA,0,0.742246868704016,2
7gwLQ4tZ5UdZ7qNcDyJ8wr,1,0.7320876431987543,3
3yOlyBJuViE2YSGn3nVE1K,1,0.8244546174400202,1
2s1sdSqGcKxpPr5lCl7jAV,1,0.497305834262356,3
6BcJ2cGaF5tm99srYCOjfX,0,0.3007171148520548,1
33aow0AcXYvT1FoWNzMcqN,1,0.7773780042410049,0
0n26pelcG2JrPeIhuA7YNh,0,0.47458158423284,2
4Dvkj6JhhA12EX05fT7y2e,1,0.4625437395801007,0
5os4iDInR4chqaCdXi895k,0,0.41304997734483484,2
6fLl1Lyamq6gZtJy6P6p4p,0,0.19119055787200953,2
5IyRSZy0R7UdweNISjf5qS,0,0.20837705992845312,0
4e4fqjx0Izh4svvTef1z7e,1,0.5477231907030754,3
0mW58kig39aueBh99f6yGz,0,0.22005533230856233,4
3KwwE4sgCzMaKWq6QBebmX,1,0.7489992902675215,0
3TlvxWnRN53CjcDmGKCEkH,0,0.5781316139287078,4
55h7vJchibLdUkxdlX3fK7,1,0.7770188770428147,2
72TFWvU3wUYdUuxejTTIzt,1,0.6684482961524162,0
6VjruEUTeIg64bWT5vcVa1,0,0.1381911710258751,0
6NFyWDv5CjfwuzoCkw47Xf,1,0.7826511309692107,4
7m9yPkhvTfTlYEf0whUrNb,0,0.20130426323392017,2
6Uj1ctrBOjOas8xZXGqKk4,1,0.7852891319768688,0
55n9yjI6qqXh5F2mYvUc2y,1,0.5659718547025167,1
52PiyZoav11ZSAoHPqSlzh,0,0.5407723494531677,2
3G6hD9B2ZHOsgf4WfNu7X1,1,0.4379827813469776,0
3vlu7Y9U9HXxqSmQecmKhZ,0,0.6783758312085593,0
4M7aciOBSbGnh1bN3YbuS0,1,0.7939924051035163,3
3QdIqc6wkjB9yi5rSZCIZt,0,0.3964508283933728,3
0EoJCSeuAq9Ilw2AesTBUu,0,0.7169251699723046,0
5jE48hhRu8E6zBDPRSkEq7,1,0.8028864154054446,0
1iyXU0LHY9Irw7oohGf7hb,0,0.2719546450719153,1
6BiHk2V58JF1kFC9Tmd8A8,0,0.40780706903976843,0
1kWAhf2TJPkpiSgTnp8Ure,0,0.7793451354739164,0
2Fxmhks0bxGSBdJ92vM42m,1,0.27243987356906546,4
29ENMAdmNy0byJdF21AhGa,0,0.4949612728101544,1
6qJpNazUWvk1AIJgUcEc78,0,0.5506853006853006,3
1dE8Mq801cWJcCS23zPZWY,0,0.3330769964737121,0
4hQ6UGyWQIGJmHSo0J88JW,1,0.6802905904266777,4
4BhKsrfLowNbN7F3JVhI8i,0,0.5554097672824224,1
6TwfdLbaxTKzQi3AgsZNzx,1,0.5982482140142878,3
3NJG6vMH1ZsectZkocMEm0,1,0.45871912798880005,1
5sjzuV5VngL4KmhYCf8ic3,0,0.25725461489968,3
66cHMCKOLn2fyAjGjFBAmZ,0,0.6150022991048717,1
4aHbJ31mNdQ00X3VVT48YT,0,0.4643206772464914,2
0mWKj5e39wq9aXDvK52Bhh,0,0.36423993073605865,4
4YSDzX9bIQDwkBqFfYL9wI,0,0.3790241109092927,4
